branch	objective_mode	max_intervention_cost	solver_status	solution_id	total_intervention_cost	KO_count	OE_count	KO_reaction_ids	regulatory_constraints	biomass_inner_optimum	biomass	glucose	rubisco	fe2	o2	co2_h2co3	robust_validation_failures	reconstruction_status	input_fingerprint	solver_attempts	runtime_seconds
S01	BASELINE_REFERENCE	0	baseline_reference	S01_BASELINE_C0	0	0	0			0.07950623572127512	0.07950622572127523	-0.5	0.0791344957512799	-157.78499458957722	-38.4815426751541	-0.053446690841273806		optimal	4d5c5dc0d09765a6b1c9e0a6e2fd7b6d7fcfdd93bdc0db00f19078c15ebe947e		
S01	CBB_min	1	optimal	S01_CBB_min_C1_S1	0	0	0			0.07950623572127512	0.07950622572127523	-0.5	0.0791344957512799	-157.78499458957722	-38.4815426751541	-0.053446690841273806		optimal	4d5c5dc0d09765a6b1c9e0a6e2fd7b6d7fcfdd93bdc0db00f19078c15ebe947e	"[{""compress"": true, ""runtime_seconds"": 7.215485572814941, ""skip_preprocessing_fvas"": false, ""solver"": ""scip"", ""status"": ""optimal""}]"	9.074328899383545
S01	CBB_min	2	optimal	S01_CBB_min_C2_S1	0	0	0			0.07950623572127512	0.07950622572127523	-0.5	0.0791344957512799	-157.78499458957722	-38.4815426751541	-0.053446690841273806		optimal	4d5c5dc0d09765a6b1c9e0a6e2fd7b6d7fcfdd93bdc0db00f19078c15ebe947e	"[{""compress"": true, ""runtime_seconds"": 5.3915650844573975, ""skip_preprocessing_fvas"": false, ""solver"": ""scip"", ""status"": ""optimal""}]"	6.46945858001709
S01	CBB_min	4	optimal	S01_CBB_min_C4_S1	0	0	0			0.07950623572127512	0.07950622572127523	-0.5	0.0791344957512799	-157.78499458957722	-38.4815426751541	-0.053446690841273806		optimal	4d5c5dc0d09765a6b1c9e0a6e2fd7b6d7fcfdd93bdc0db00f19078c15ebe947e	"[{""compress"": true, ""runtime_seconds"": 3.232694625854492, ""skip_preprocessing_fvas"": false, ""solver"": ""scip"", ""status"": ""optimal""}]"	4.274108409881592
S01	CBB_min	6	optimal	S01_CBB_min_C6_S1	0	0	0			0.07950623572127512	0.07950622572127523	-0.5	0.0791344957512799	-157.78499458957722	-38.4815426751541	-0.053446690841273806		optimal	4d5c5dc0d09765a6b1c9e0a6e2fd7b6d7fcfdd93bdc0db00f19078c15ebe947e	"[{""compress"": true, ""runtime_seconds"": 3.470369815826416, ""skip_preprocessing_fvas"": false, ""solver"": ""scip"", ""status"": ""optimal""}]"	4.5840229988098145
S01	Fe2_efficiency	1	time_limit																4d5c5dc0d09765a6b1c9e0a6e2fd7b6d7fcfdd93bdc0db00f19078c15ebe947e	"[{""compress"": true, ""runtime_seconds"": 11.822175741195679, ""skip_preprocessing_fvas"": false, ""solver"": ""scip"", ""status"": ""error""}, {""compress"": false, ""runtime_seconds"": 301.6650159358978, ""skip_preprocessing_fvas"": true, ""solver"": ""scip"", ""status"": ""time_limit_w_sols""}]"	313.4871916770935
S01	Fe2_efficiency	2	error																4d5c5dc0d09765a6b1c9e0a6e2fd7b6d7fcfdd93bdc0db00f19078c15ebe947e	"[{""compress"": true, ""runtime_seconds"": 9.38668441772461, ""skip_preprocessing_fvas"": false, ""solver"": ""scip"", ""status"": ""error""}, {""compress"": false, ""runtime_seconds"": 80.97645974159241, ""skip_preprocessing_fvas"": true, ""solver"": ""scip"", ""status"": ""error""}]"	90.36314415931702
S01	Fe2_efficiency	4	time_limit																4d5c5dc0d09765a6b1c9e0a6e2fd7b6d7fcfdd93bdc0db00f19078c15ebe947e	"[{""compress"": true, ""runtime_seconds"": 3.0350184440612793, ""skip_preprocessing_fvas"": false, ""solver"": ""scip"", ""status"": ""error""}, {""compress"": false, ""runtime_seconds"": 302.62515807151794, ""skip_preprocessing_fvas"": true, ""solver"": ""scip"", ""status"": ""time_limit_w_sols""}]"	305.6601765155792
S01	Fe2_efficiency	6	time_limit																4d5c5dc0d09765a6b1c9e0a6e2fd7b6d7fcfdd93bdc0db00f19078c15ebe947e	"[{""compress"": true, ""runtime_seconds"": 3.6728744506835938, ""skip_preprocessing_fvas"": false, ""solver"": ""scip"", ""status"": ""error""}, {""compress"": false, ""runtime_seconds"": 302.31638765335083, ""skip_preprocessing_fvas"": true, ""solver"": ""scip"", ""status"": ""time_limit_w_sols""}]"	305.9892621040344
S01	O2_efficiency	1	optimal	S01_O2_efficiency_C1_S1	0	0	0			0.07950623572127512	0.07950622572127523	-0.5	0.0791344957512799	-157.78499458957722	-38.4815426751541	-0.053446690841273806		optimal	4d5c5dc0d09765a6b1c9e0a6e2fd7b6d7fcfdd93bdc0db00f19078c15ebe947e	"[{""compress"": true, ""runtime_seconds"": 14.930492877960205, ""skip_preprocessing_fvas"": false, ""solver"": ""scip"", ""status"": ""optimal""}]"	15.973044395446777
S01	O2_efficiency	1	optimal	S01_O2_efficiency_C1_S2	0	0	0			0.07950623572127512	0.07950622572127523	-0.5	0.0791344957512799	-157.78499458957722	-38.4815426751541	-0.053446690841273806		optimal	4d5c5dc0d09765a6b1c9e0a6e2fd7b6d7fcfdd93bdc0db00f19078c15ebe947e	"[{""compress"": true, ""runtime_seconds"": 14.930492877960205, ""skip_preprocessing_fvas"": false, ""solver"": ""scip"", ""status"": ""optimal""}]"	16.77792191505432
S01	O2_efficiency	1	optimal	S01_O2_efficiency_C1_S3	0	0	0			0.07950623572127512	0.07950622572127523	-0.5	0.0791344957512799	-157.78499458957722	-38.4815426751541	-0.053446690841273806		optimal	4d5c5dc0d09765a6b1c9e0a6e2fd7b6d7fcfdd93bdc0db00f19078c15ebe947e	"[{""compress"": true, ""runtime_seconds"": 14.930492877960205, ""skip_preprocessing_fvas"": false, ""solver"": ""scip"", ""status"": ""optimal""}]"	17.83154797554016
S01	O2_efficiency	1	optimal	S01_O2_efficiency_C1_S4	0	0	0			0.07950623572127512	0.07950622572127523	-0.5	0.0791344957512799	-157.78499458957722	-38.4815426751541	-0.053446690841273806		optimal	4d5c5dc0d09765a6b1c9e0a6e2fd7b6d7fcfdd93bdc0db00f19078c15ebe947e	"[{""compress"": true, ""runtime_seconds"": 14.930492877960205, ""skip_preprocessing_fvas"": false, ""solver"": ""scip"", ""status"": ""optimal""}]"	18.856638431549072
S01	O2_efficiency	1	optimal	S01_O2_efficiency_C1_S5	0	0	0			0.07950623572127512	0.07950622572127523	-0.5	0.0791344957512799	-157.78499458957722	-38.4815426751541	-0.053446690841273806		optimal	4d5c5dc0d09765a6b1c9e0a6e2fd7b6d7fcfdd93bdc0db00f19078c15ebe947e	"[{""compress"": true, ""runtime_seconds"": 14.930492877960205, ""skip_preprocessing_fvas"": false, ""solver"": ""scip"", ""status"": ""optimal""}]"	19.66667103767395
S01	O2_efficiency	2	time_limit																4d5c5dc0d09765a6b1c9e0a6e2fd7b6d7fcfdd93bdc0db00f19078c15ebe947e	"[{""compress"": true, ""runtime_seconds"": 301.7972559928894, ""skip_preprocessing_fvas"": false, ""solver"": ""scip"", ""status"": ""time_limit_w_sols""}]"	301.7972559928894
S01	O2_efficiency	4	time_limit																4d5c5dc0d09765a6b1c9e0a6e2fd7b6d7fcfdd93bdc0db00f19078c15ebe947e	"[{""compress"": true, ""runtime_seconds"": 302.25985765457153, ""skip_preprocessing_fvas"": false, ""solver"": ""scip"", ""status"": ""time_limit_w_sols""}]"	302.25985765457153
S01	O2_efficiency	6	time_limit																4d5c5dc0d09765a6b1c9e0a6e2fd7b6d7fcfdd93bdc0db00f19078c15ebe947e	"[{""compress"": true, ""runtime_seconds"": 306.90092492103577, ""skip_preprocessing_fvas"": false, ""solver"": ""scip"", ""status"": ""time_limit_w_sols""}]"	306.9019241333008
S01	CO2_efficiency	1	time_limit_w_sols	S01_CO2_efficiency_C1_S1	1	1	0	HCO3tex		0.07811458065417183	0.07811458065411067	-0.4999999999999729	0.0791344957512799	-157.58019132649682	-38.4815426751541	0.0		optimal	4d5c5dc0d09765a6b1c9e0a6e2fd7b6d7fcfdd93bdc0db00f19078c15ebe947e	"[{""compress"": true, ""runtime_seconds"": 7.623377799987793, ""skip_preprocessing_fvas"": false, ""solver"": ""scip"", ""status"": ""error""}, {""compress"": false, ""runtime_seconds"": 306.9403200149536, ""skip_preprocessing_fvas"": true, ""solver"": ""scip"", ""status"": ""time_limit_w_sols""}]"	316.8438386917114
S01	CO2_efficiency	1	time_limit_w_sols	S01_CO2_efficiency_C1_S2	1	1	0	HCO3tpp		0.07811458065417184	0.07811458065411045	-0.499999999999992	0.0791344957512799	-157.58019132649687	-38.4815426751541	0.0		optimal	4d5c5dc0d09765a6b1c9e0a6e2fd7b6d7fcfdd93bdc0db00f19078c15ebe947e	"[{""compress"": true, ""runtime_seconds"": 7.623377799987793, ""skip_preprocessing_fvas"": false, ""solver"": ""scip"", ""status"": ""error""}, {""compress"": false, ""runtime_seconds"": 306.9403200149536, ""skip_preprocessing_fvas"": true, ""solver"": ""scip"", ""status"": ""time_limit_w_sols""}]"	319.55466866493225
S01	CO2_efficiency	1	time_limit_w_sols	S01_CO2_efficiency_C1_S3	1	0	1		TKT2 >= 0.097719444694	0.0782203451672018	0.07822033516720188	-0.5	0.0791344957512799	-157.52850260938953	-38.4815426751541	-0.0040618990263038175		optimal	4d5c5dc0d09765a6b1c9e0a6e2fd7b6d7fcfdd93bdc0db00f19078c15ebe947e	"[{""compress"": true, ""runtime_seconds"": 7.623377799987793, ""skip_preprocessing_fvas"": false, ""solver"": ""scip"", ""status"": ""error""}, {""compress"": false, ""runtime_seconds"": 306.9403200149536, ""skip_preprocessing_fvas"": true, ""solver"": ""scip"", ""status"": ""time_limit_w_sols""}]"	321.86715865135193
S01	CO2_efficiency	1	time_limit_w_sols	S01_CO2_efficiency_C1_S4	1	0	1		TKT1 <= -0.118536711739	0.07839291166756089	0.07839290166756105	-0.5	0.0791344957512799	-157.56292383073756	-38.4815426751541	-0.010689336525615902		optimal	4d5c5dc0d09765a6b1c9e0a6e2fd7b6d7fcfdd93bdc0db00f19078c15ebe947e	"[{""compress"": true, ""runtime_seconds"": 7.623377799987793, ""skip_preprocessing_fvas"": false, ""solver"": ""scip"", ""status"": ""error""}, {""compress"": false, ""runtime_seconds"": 306.9403200149536, ""skip_preprocessing_fvas"": true, ""solver"": ""scip"", ""status"": ""time_limit_w_sols""}]"	324.61232233047485
S01	CO2_efficiency	2	time_limit_w_sols	S01_CO2_efficiency_C2_S1	1	1	0	HCO3tex		0.07811458065417183	0.07811458065411067	-0.4999999999999729	0.0791344957512799	-157.58019132649682	-38.4815426751541	0.0		optimal	4d5c5dc0d09765a6b1c9e0a6e2fd7b6d7fcfdd93bdc0db00f19078c15ebe947e	"[{""compress"": true, ""runtime_seconds"": 15.33320140838623, ""skip_preprocessing_fvas"": false, ""solver"": ""scip"", ""status"": ""error""}, {""compress"": false, ""runtime_seconds"": 304.9122381210327, ""skip_preprocessing_fvas"": true, ""solver"": ""scip"", ""status"": ""time_limit_w_sols""}]"	323.01530051231384
S01	CO2_efficiency	2	time_limit_w_sols	S01_CO2_efficiency_C2_S2	1	1	0	HCO3tpp		0.07811458065417184	0.07811458065411045	-0.499999999999992	0.0791344957512799	-157.58019132649687	-38.4815426751541	0.0		optimal	4d5c5dc0d09765a6b1c9e0a6e2fd7b6d7fcfdd93bdc0db00f19078c15ebe947e	"[{""compress"": true, ""runtime_seconds"": 15.33320140838623, ""skip_preprocessing_fvas"": false, ""solver"": ""scip"", ""status"": ""error""}, {""compress"": false, ""runtime_seconds"": 304.9122381210327, ""skip_preprocessing_fvas"": true, ""solver"": ""scip"", ""status"": ""time_limit_w_sols""}]"	325.22486305236816
S01	CO2_efficiency	4	time_limit_w_sols	S01_CO2_efficiency_C4_S1	1	1	0	HCO3tex		0.07811458065417183	0.07811458065411067	-0.4999999999999729	0.0791344957512799	-157.58019132649682	-38.4815426751541	0.0		optimal	4d5c5dc0d09765a6b1c9e0a6e2fd7b6d7fcfdd93bdc0db00f19078c15ebe947e	"[{""compress"": true, ""runtime_seconds"": 13.54773211479187, ""skip_preprocessing_fvas"": false, ""solver"": ""scip"", ""status"": ""error""}, {""compress"": false, ""runtime_seconds"": 306.1593301296234, ""skip_preprocessing_fvas"": true, ""solver"": ""scip"", ""status"": ""time_limit_w_sols""}]"	322.3977222442627
S01	CO2_efficiency	4	time_limit_w_sols	S01_CO2_efficiency_C4_S2	1	1	0	HCO3tpp		0.07811458065417184	0.07811458065411045	-0.499999999999992	0.0791344957512799	-157.58019132649687	-38.4815426751541	0.0		optimal	4d5c5dc0d09765a6b1c9e0a6e2fd7b6d7fcfdd93bdc0db00f19078c15ebe947e	"[{""compress"": true, ""runtime_seconds"": 13.54773211479187, ""skip_preprocessing_fvas"": false, ""solver"": ""scip"", ""status"": ""error""}, {""compress"": false, ""runtime_seconds"": 306.1593301296234, ""skip_preprocessing_fvas"": true, ""solver"": ""scip"", ""status"": ""time_limit_w_sols""}]"	324.6254768371582
S01	CO2_efficiency	6	time_limit_w_sols	S01_CO2_efficiency_C6_S1	1	1	0	HCO3tex		0.07811458065417183	0.07811458065411067	-0.4999999999999729	0.0791344957512799	-157.58019132649682	-38.4815426751541	0.0		optimal	4d5c5dc0d09765a6b1c9e0a6e2fd7b6d7fcfdd93bdc0db00f19078c15ebe947e	"[{""compress"": true, ""runtime_seconds"": 17.14553666114807, ""skip_preprocessing_fvas"": false, ""solver"": ""scip"", ""status"": ""error""}, {""compress"": false, ""runtime_seconds"": 306.886962890625, ""skip_preprocessing_fvas"": true, ""solver"": ""scip"", ""status"": ""time_limit_w_sols""}]"	326.1394968032837
S01	CO2_efficiency	6	time_limit_w_sols	S01_CO2_efficiency_C6_S2	1	1	0	HCO3tpp		0.07811458065417184	0.07811458065411045	-0.499999999999992	0.0791344957512799	-157.58019132649687	-38.4815426751541	0.0		optimal	4d5c5dc0d09765a6b1c9e0a6e2fd7b6d7fcfdd93bdc0db00f19078c15ebe947e	"[{""compress"": true, ""runtime_seconds"": 17.14553666114807, ""skip_preprocessing_fvas"": false, ""solver"": ""scip"", ""status"": ""error""}, {""compress"": false, ""runtime_seconds"": 306.886962890625, ""skip_preprocessing_fvas"": true, ""solver"": ""scip"", ""status"": ""time_limit_w_sols""}]"	328.71242594718933
S01	CO2_efficiency	6	time_limit_w_sols	S01_CO2_efficiency_C6_S3	2	0	2		HCO3E >= 0.144901475541;HYD3pp >= 0.429635297224	0.07818358242122793	0.07818357242122806	-0.5	0.0791344957512799	-156.73107562467175	-38.4815426751541	-0.002650134395831284		optimal	4d5c5dc0d09765a6b1c9e0a6e2fd7b6d7fcfdd93bdc0db00f19078c15ebe947e	"[{""compress"": true, ""runtime_seconds"": 17.14553666114807, ""skip_preprocessing_fvas"": false, ""solver"": ""scip"", ""status"": ""error""}, {""compress"": false, ""runtime_seconds"": 306.886962890625, ""skip_preprocessing_fvas"": true, ""solver"": ""scip"", ""status"": ""time_limit_w_sols""}]"	330.8776144981384
