condition	glucose_cap	biomass	glucose_uptake	donor_fixed	o2_fixed	co2_uptake	relative_biomass_gain_pct
FIM	0.0	0.05207639	-0.0	-164.509	-38.6634	-2.0	-0.0
FIM	0.05	0.05207639	0.0	-164.509	-38.6634	-2.0	-0.0
FIM	0.1	0.05207639	0.0	-164.509	-38.6634	-2.0	-0.0
FIM	0.25	0.05207639	0.0	-164.509	-38.6634	-2.0	-0.0
FIM	0.5	0.05207639	0.0	-164.509	-38.6634	-2.0	-0.0
FIM	1.0	0.05207639	0.0	-164.509	-38.6634	-2.0	-0.0
FIM	2.0	0.05207639	0.0	-164.509	-38.6634	-2.0	-0.0
FIM	5.0	0.05207639	0.0	-164.509	-38.6634	-2.0	-0.0
TTM	0.0	0.05207639	-0.0	-5.2158	-15.7925	-2.0	-0.0
TTM	0.05	0.05207639	0.0	-5.2158	-15.7925	-2.0	-0.0
TTM	0.1	0.05207639	0.0	-5.2158	-15.7925	-2.0	-0.0
TTM	0.25	0.05207639	0.0	-5.2158	-15.7925	-2.0	-0.0
TTM	0.5	0.05207639	0.0	-5.2158	-15.7925	-2.0	-0.0
TTM	1.0	0.05207639	0.0	-5.2158	-15.7925	-2.0	-0.0
TTM	2.0	0.05207639	0.0	-5.2158	-15.7925	-2.0	-0.0
TTM	5.0	0.05207639	0.0	-5.2158	-15.7925	-2.0	-0.0
TSM	0.0	0.05207639	-0.0	-9.1277	-15.7925	-2.0	-0.0
TSM	0.05	0.05207639	0.0	-9.1277	-15.7925	-2.0	-0.0
TSM	0.1	0.05207639	0.0	-9.1277	-15.7925	-2.0	-0.0
TSM	0.25	0.05207639	0.0	-9.1277	-15.7925	-2.0	-0.0
TSM	0.5	0.05207639	0.0	-9.1277	-15.7925	-2.0	-0.0
TSM	1.0	0.05207639	0.0	-9.1277	-15.7925	-2.0	-0.0
TSM	2.0	0.05207639	0.0	-9.1277	-15.7925	-2.0	-0.0
TSM	5.0	0.05207639	0.0	-9.1277	-15.7925	-2.0	-0.0
