branch	native_reaction_id	intervention_type	reference_flux	fva_minimum	fva_maximum	regulatory_constraint	intervention_cost
S03	3OAR1	KO	0.013820304965312403	0.013479452037673303	0.015314505269864798		1.0
S03	3OAR10	KO	0.013820304965312403	0.013479452037673303	0.015314505269862387		1.0
S03	3OAR11	KO	0.013820304965312403	0.013479452037673303	0.015314505269862387		1.0
S03	3OAR12	KO	0.0138203049653124	0.013479452037673298	0.015314505269862383		1.0
S03	3OAR13	KO	0.007109576215639677	0.006934231324665386	0.008769284556854485		1.0
S03	3OAR14	KO	0.005591072610271553	0.00545317887546345	0.007159003006794162		1.0
S03	3OAR15	KO	0.001530517083258691	0.0014927696363000499	0.0031727479474590887		1.0
S03	3OAR16	KO	0.00023546416665518323	0.0002296568671230846	0.0013927187748485753		1.0
S03	3OAR17	KO	0.0	0.0	6.461455042919395e-05		1.0
S03	3OAR2	KO	0.0067107287496727215	0.0065452207130079106	0.006710728749672834		1.0
S03	3OAR3	KO	0.0067107287496727215	0.006545220713007946	0.006710728749672812		1.0
S03	3OAR4	KO	0.0067107287496727215	0.006545220713007946	0.006710728749672812		1.0
S03	3OAR5	KO	0.004238354999793299	0.004133823608215546	0.004238354999793355		1.0
S03	3OAR6	KO	0.0014127849999310993	0.0013779412027385156	0.0016363994044552193		1.0
S03	3OAR7	KO	0.0014127849999310993	0.001377941202738518	0.0016363994044553455		1.0
S03	3OAR8	KO	0.0012950529166035078	0.0012631127691769722	0.0015215709708937997		1.0
S03	3OAR9	KO	0.0008241245832931414	0.0008037990349308002	0.0009976426862184154		1.0
S03	3OAS1	KO	0.013820304965312403	0.013479452037673355	0.015314505269862808		1.0
S03	3OAS10	KO	0.007109576215639677	0.006934231324665405	0.008769284556854776		1.0
S03	3OAS11	KO	0.005591072610271554	0.005453178875463465	0.007159003006794422		1.0
S03	3OAS12	KO	0.0015305170832586909	0.001492769636300058	0.0031727479474593207		1.0
S03	3OAS13	KO	0.00023546416665518326	0.00022965686712308586	0.0013927187748487197		1.0
S03	3OAS14	KO	0.0	0.0	6.46145504292017e-05		1.0
S03	3OAS15	KO	0.006710728749672722	0.006545220713007946	0.006710728749673		1.0
S03	3OAS2	KO	0.006710728749672722	0.006545220713007946	0.006710728749672812		1.0
S03	3OAS27	KO	0.013820304965312403	0.013479452037673355	0.015314505269861957		1.0
S03	3OAS28	KO	0.0014127849999310996	0.0013779412027385162	0.0016363994044553442		1.0
S03	3OAS3	KO	0.006710728749672722	0.006545220713007946	0.006710728749673		1.0
S03	3OAS4	KO	0.004238354999793299	0.004133823608215545	0.0042383549997933555		1.0
S03	3OAS5	KO	0.0014127849999310993	0.0013779412027385177	0.0016363994044552193		1.0
S03	3OAS6	KO	0.0012950529166035078	0.0012631127691769724	0.0015215709708938		1.0
S03	3OAS7	KO	0.0008241245832931413	0.0008037990349308003	0.0009976426862184152		1.0
S03	3OAS8	KO	0.013820304965312403	0.013479452037673355	0.015314505269862808		1.0
S03	3OAS9	KO	0.013820304965312398	0.013479452037673352	0.015314505269862805		1.0
S03	4HBAtex	KO	1.6017970520760822e-06	1.56229161308221e-06	1.6017970520761137e-06		1.0
S03	4HBAtpp	KO	1.6017970520760822e-06	1.56229161308221e-06	1.6017970520761014e-06		1.0
S03	4THASE1	KO	0.0	0.0	0.0		1.0
S03	4THASE2	KO	0.0	0.0	0.0		1.0
S03	5OXOP	KO	0.0	0.0	0.0		1.0
S03	A5PISO	KO	0.006150900679972155	0.005999199794235686	0.006150900679972314		1.0
S03	ACCOAC	KO	0.10471427868536948	-999.8978683103782	0.11792348574692385		1.0
S03	ACGK	KO	0.02277034599378755	0.022208756425770155	0.022770345993788126		1.0
S03	ACGS	KO	0.0	0.0	3.12650887074529		1.0
S03	ACHBS	KO	0.02322605725510319	0.022653228389692047	0.02322605725510327		1.0
S03	ACLS	KO	0.07368746978665598	0.07187010107641567	0.07368746978665856		1.0
S03	ACOATA	KO	0.0138203049653124	0.013479452037673303	0.015314505269864796		1.0
S03	ACODA	KO	0.0	0.0	3.1265088707450546		1.0
S03	ACONT1	KO	0.08817011783300278	0.0859955606963037	0.08817011783300228		1.0
S03	ACONT2	KO	0.08817011783300276	0.0859955606963037	0.08817011783300506		1.0
S03	ACOTA	KO	-0.022770345993787546	-0.02277034599378867	-0.02220875642577016		1.0
S03	ACPS1	KO	0.0	0.0	2.0843392471639484		1.0
S03	ACPpds	KO	0.0	0.0	2.084339247163588		1.0
S03	ACS	KO	0.014778179602453917	0.014413702422296473	3.140922573167668		1.0
S03	ADA	KO	-0.02855139173445787	-0.02855139173444301	999.2855113696148		1.0
S03	ADCL	KO	6.4071882082895165e-06	6.249166452348405e-06	6.407188208360352e-06		1.0
S03	ADCS	KO	6.4071882082895165e-06	6.249166452337259e-06	6.407188208330766e-06		1.0
S03	ADK1	KO	0.17968142413697508	0.17524990546834895	6.428267646957954		1.0
S03	ADMDC	KO	5.846559240077698e-05	5.702364387750065e-05	5.8465592401167045e-05		1.0
S03	ADNSE	KO	-6.0067389452844756e-05	-6.006738945285577e-05	2.0842806612606672		1.0
S03	ADPT	KO	-0.028549789937405798	-3.1543545315403754	999.2855129318876		1.0
S03	ADSK	KO	0.013624885724959138	0.01328885246087722	3.139797723193829		1.0
S03	ADSL1	KO	0.0	0.0	999.3133585926801		1.0
S03	ADSL2	KO	0.02231399401367339	0.0217636595452061	0.02231399401251801		1.0
S03	ADSR	KO	0.0	0.0	3.126508870839799		1.0
S03	ADSS	KO	0.0	0.0	999.3133585926812		1.0
S03	AGAD	KO	0.0011532938774947786	0.001124849961419191	0.0011532938774986724		1.0
S03	AGMHE	KO	9.226351019958231e-05	8.998799691353529e-05	9.226351019956393e-05		1.0
S03	AGPR	KO	-0.022770345993787543	-0.022770345993788063	-0.022208756425773312		1.0
S03	AHCYSNS	KO	0.0	0.0	0.0		1.0
S03	AICART	KO	0.04153555863858638	0.04051115890218975	0.04153555863790389		1.0
S03	AIRC	KO	-0.022313994013673392	-0.022313994013650463	-0.021763659548552756		1.0
S03	ALAALAr	KO	0.002082336167698906	0.0020309790970068735	0.002082336167700043		1.0
S03	ALAR	KO	0.0031235042515483586	0.003046468645510309	0.0031235042515477367		1.0
S03	ALDEP	KO	0.0	-1.0421696235821245	-2.02041951894834e-16		1.0
S03	AMALT1	KO	0.0	2.2770422664803476e-31	1.042169623584818		1.0
S03	AMAOT	KO	0.0	0.0	0.0		1.0
S03	AMPMS	KO	1.6017970520760817e-06	1.56229161308221e-06	1.6017970520625188e-06		1.0
S03	AMPN	KO	0.0	0.0	3.1265088708070636		1.0
S03	AMPTASECG	KO	0.0	0.0	0.0		1.0
S03	ANPRT	KO	0.0	0.0	0.0		1.0
S03	ANSYN	KO	0.0	0.0	0.0		1.0
S03	AOXS	KO	0.0	0.0	0.0		1.0
S03	APRAUR	KO	-3.203594104152162e-06	-3.2035941041523405e-06	-3.12458322616442e-06		1.0
S03	AREDO	KO	5.8465592400776976e-05	5.702364387750064e-05	5.84655924005793e-05		1.0
S03	ARGDC	KO	0.0	0.0	0.0		1.0
S03	ARGSL	KO	0.02242515872906515	0.021872082583150942	0.02242515872867565		1.0
S03	ARGSS	KO	0.02242515872906515	0.021872082583150942	0.02242515872867565		1.0
S03	ASAD	KO	-0.2777804411770284	-0.38084039841707734	-0.21965137973888943		1.0
S03	ASNS1	KO	0.021624260203027105	0.021090936776609837	0.021624260202953993		1.0
S03	ASP1DC	KO	4.805391156214122e-06	4.686874839208997e-06	4.8053911561100815e-06		1.0
S03	ASPCT	KO	0.024009656372978628	0.023417501446811862	0.024009656372979995		1.0
S03	ASPK	KO	0.27778044117702844	0.21965137973688276	0.38084039841708095		1.0
S03	ASPO5	KO	1.9221564625639644e-05	0.0	1.922156462563965e-05		1.0
S03	ASPO6	KO	0.0	0.0	1.9221564625343046e-05		1.0
S03	ASPTA	KO	-0.38980179765457873	-999.6679075775362	-0.3289099312394667		1.0
S03	ATPM	KO	3.475	3.475	3.475		1.0
S03	ATPPRT	KO	-0.019221564624912982	-0.019221564624925448	-0.018747499356986518		1.0
S03	ATPS5rpp	KO	21.578895686208718	20.990892986726053	27.244958401353312		1.0
S03	BDGK	KO	0.5	0.4871804731926143	2.5843392471634368		1.0
S03	BHAH1	KO	0.013820304965312401	0.013479452037673305	0.015314505269863417		1.0
S03	BHAH10	KO	0.013820304965312401	0.013479452037673305	0.015314505269864689		1.0
S03	BHAH11	KO	0.013820304965312401	0.013479452037673305	0.015314505269864689		1.0
S03	BHAH12	KO	0.0138203049653124	0.013479452037673303	0.015314505269864685		1.0
S03	BHAH13	KO	0.007109576215639676	0.006934231324665388	0.008769284556856723		1.0
S03	BHAH14	KO	0.0021071640220060805	0.0020551946170096467	0.0037610187483424267		1.0
S03	BHAH15	KO	0.0015305170832586909	0.0014927696363000508	0.0031727479474611226		1.0
S03	BHAH16	KO	0.00023546416665518318	0.00022965686712308464	0.0013927187748499752		1.0
S03	BHAH17	KO	0.0	0.0	6.461455042927162e-05		1.0
S03	BHAH2	KO	0.006710728749672721	0.006545220713007913	0.0067107287496731005		1.0
S03	BHAH3	KO	0.006710728749672721	0.006545220713007913	0.006710728749672809		1.0
S03	BHAH4	KO	0.006710728749672721	0.006545220713007913	0.006710728749672809		1.0
S03	BHAH5	KO	0.004238354999793298	0.004133823608215524	0.004238354999793354		1.0
S03	BHAH6	KO	0.0014127849999310991	0.00137794120273851	0.0016363994044552126		1.0
S03	BHAH7	KO	0.0014127849999310993	0.00137794120273851	0.0016363994044556053		1.0
S03	BHAH8	KO	0.0012950529166035076	0.0012631127691769659	0.001521570970894064		1.0
S03	BHAH9	KO	0.0008241245832931413	0.0008037990349307964	0.0009976426862186168		1.0
S03	BILG	KO	0.0	0.0	0.0		1.0
S03	BIOC1	KO	0.0	0.0	1000.0		1.0
S03	BIOC2	KO	0.0	0.0	999.9999999999999		1.0
S03	BIOMASStex	KO	0.0800898526038041	0.07811458065411049	0.08008985260316993		1.0
S03	BIOMASStpp	KO	0.08008985260380408	0.07811458065411049	0.0800898526038927		1.0
S03	BPNT	KO	0.01362488572495914	0.013288852460877238	3.1397977232029257		1.0
S03	BTS5	KO	0.0	0.0	0.0		1.0
S03	CA2tex	KO	0.006967817176530955	0.0067959685169076125	0.006967817176552303		1.0
S03	CA2tpp	KO	0.006967817176530955	0.0067959685169076125	0.006967817176536893		1.0
S03	CAT	KO	0.04785915558610595	0.045702940824108265	1.3484149703006938		1.0
S03	CBPS	KO	0.04643481510204378	0.04528958402998744	0.04643481510226671		1.0
S03	CDPMEK	KO	2.6429651363206265e-05	2.577781161585553e-05	2.6429651359278404e-05		1.0
S03	CFAS190	KO	0.0008241245832931413	0.0008037990349307963	0.0008241245832828079		1.0
S03	CHORM	KO	0.025630354630269383	0.024998228100928443	0.025630354630291733		1.0
S03	CHORS	KO	0.025639965412582316	0.02500760185060695	0.025639965412604222		1.0
S03	CHRPL	KO	1.6017970525699453e-06	1.5622916130822097e-06	1.6017970520774787e-06		1.0
S03	CLPNS120	KO	0.00028031448411331436	0.00027340103228938676	0.0002803144841135588		1.0
S03	CPPPGO1	KO	4.004492630190202e-06	3.905729032705525e-06	4.004492630193696e-06		1.0
S03	CPPPGO2	KO	-8.00898526038041e-07	-8.008985260384266e-07	-7.811458065411051e-07		1.0
S03	CS	KO	0.08817011783300276	0.0859955606963036	0.08817011783300507		1.0
S03	CSND	KO	0.0	0.0	0.0		1.0
S03	CTPS2	KO	-0.9013855021234257	-999.976355497582	0.01648121022822162		1.0
S03	CU2tex	KO	8.008985260380408e-05	7.811458065411049e-05	8.008985260380762e-05		1.0
S03	CU2tpp	KO	8.008985260380408e-05	7.811458065411049e-05	8.008985260380762e-05		1.0
S03	CYSDSS	KO	1.6017970520760817e-06	1.5622916130822097e-06	1.6017970520761525e-06		1.0
S03	CYSS	KO	8.008985260366288e-06	7.81145802017462e-06	8.008985260336508e-06		1.0
S03	CYT1	KO	63.57981145404385	61.10306305438648	76.73560740846517		1.0
S03	CYT2	KO	65.39478614958136	62.71944034662511	79.00813330933954		1.0
S03	CYTA2	KO	1.8149746955375317	1.6163772922812651	7.628894351426638		1.0
S03	CYTAA31	KO	63.57981145404385	61.10306305434385	76.73560740846521		1.0
S03	CYTAA32	KO	0.0	0.0	6.012517059125271		1.0
S03	CYTBC1	KO	1.8149746955375314	1.6163772922812651	7.628894351426075		1.0
S03	CYTBD	KO	0.0	0.0	6.012517059126733		1.0
S03	CYTBO3	KO	0.0	0.0	6.012517059126733		1.0
S03	CYTD	KO	-0.9166346100591899	-999.9912285137391	1.5702392441239528e-16		1.0
S03	CYTDK1	KO	0.91663461005919	0.0	999.991228513737		1.0
S03	CYTDK2	KO	0.0	0.0	503.55581623004554		1.0
S03	CYTK1	KO	0.9256278996080715	0.00877148626149939	1000.0		1.0
S03	CYTK2	KO	0.0	0.0	0.0		1.0
S03	CYTRED	KO	0.0	0.0	6.012517059064773		1.0
S03	DADA	KO	0.0	0.0	0.0		1.0
S03	DAPDC	KO	0.026429651359255346	0.025777811615856464	0.026429651359422036		1.0
S03	DAPE	KO	0.02851198752695425	0.027808790712863338	0.02851198752672945		1.0
S03	DB4PS	KO	6.407188208304325e-06	6.24916645232884e-06	6.407188208253808e-06		1.0
S03	DBTS	KO	0.0	0.0	0.0		1.0
S03	DCTPD	KO	0.0	0.0	0.001232102292447207		1.0
S03	DCYTD	KO	0.0	0.0	0.0		1.0
S03	DDGPA	KO	0.0	0.0	0.3607657323291925		1.0
S03	DDPA	KO	0.02563996541258232	0.02500760185061021	0.025639965412541703		1.0
S03	DGAMK	KO	3.0754503399860775e-05	2.9995998971178436e-05	3.075450339973833e-05		1.0
S03	DGPE	KO	-0.014935155713557396	-1000.0	999.9854331929998		1.0
S03	DHAD1	KO	0.07368746978665598	0.07187010107657578	0.07368746978624462		1.0
S03	DHAD2	KO	0.023226057255103186	0.02265322838969204	0.023226057255023056		1.0
S03	DHDPRy	KO	-0.028511987526954243	-0.028511987526971372	-0.027808790712859292		1.0
S03	DHDPS	KO	0.02851198752695425	0.02780879071286197	0.02851198752697231		1.0
S03	DHFR	KO	-0.001238509480665211	-0.0012385094806623362	-0.001207963875234993		1.0
S03	DHFS	KO	6.4071882082895165e-06	6.2491664523427325e-06	6.407188208338671e-06		1.0
S03	DHNPA2	KO	6.4071882082895165e-06	6.2491664523936705e-06	6.407188208286827e-06		1.0
S03	DHORD	KO	0.024009656372978628	0.023417501446811848	0.024009656372674024		1.0
S03	DHORTS	KO	0.024009656372978628	0.02341750144681185	0.024009656372674024		1.0
S03	DHPPDA	KO	3.203594104152162e-06	3.1245832261644193e-06	3.20359410414111e-06		1.0
S03	DHPS2	KO	6.4071882082895165e-06	6.24916645239367e-06	6.407188208286828e-06		1.0
S03	DHQS	KO	0.025639965412582316	0.025007601850607002	0.025639965412493394		1.0
S03	DHQT	KO	0.025639965412582316	0.025007601850607	0.025639965412493394		1.0
S03	DKMPE	KO	5.8465592400776976e-05	5.7023643877559064e-05	5.846559239976149e-05		1.0
S03	DMATT	KO	4.004492630684068e-06	3.9057290327054395e-06	4.004492630120651e-06		1.0
S03	DMPPS	KO	4.004492630684068e-06	0.0	2.642965135879631e-05		1.0
S03	DNMPPA	KO	6.4071882082895165e-06	6.249166452343939e-06	6.40718820821599e-06		1.0
S03	DNTPPA	KO	6.407188208289516e-06	6.249166452343939e-06	6.407188208215991e-06		1.0
S03	DOXRI	KO	-2.642965136320627e-05	-2.642965135923162e-05	-2.577781161585709e-05		1.0
S03	DOXS	KO	2.963324546735843e-05	2.8902394842050482e-05	2.9633245463299523e-05		1.0
S03	DPCOAK	KO	4.805391156214122e-06	4.6868749015999055e-06	2.0843439338913785		1.0
S03	DPR	KO	-4.805391156214123e-06	-4.805391218569739e-06	-4.686874839208232e-06		1.0
S03	DTDCT	KO	0.0	0.0	0.0		1.0
S03	DTMPK	KO	0.0012321022924569219	0.0012017147087840666	0.001232102292451222		1.0
S03	DUQM	KO	1.6017970525699451e-06	1.56229161308221e-06	1.6017970520798737e-06		1.0
S03	DUTPDP	KO	0.0012321022924569216	0.0012017147087828362	0.0012321022924598384		1.0
S03	E4PD	KO	1.6017970520760824e-06	1.56229161308221e-06	1.6017970520798739e-06		1.0
S03	EAR1	KO	0.013820304965312403	0.013479452037673268	0.015314505270022533		1.0
S03	EAR10	KO	0.013820304965312403	0.013479452037673307	0.015314505269413798		1.0
S03	EAR11	KO	0.0138203049653124	0.013479452037673303	0.015314505269413796		1.0
S03	EAR12	KO	0.007109576215639677	0.0069342313246653865	0.008769284556405802		1.0
S03	EAR13	KO	0.007109576215639677	0.006934231324665388	0.008769284556405802		1.0
S03	EAR14	KO	0.0021071640220060805	0.0020551946170096463	0.003761018747923248		1.0
S03	EAR15	KO	0.001530517083258691	0.001492769636300051	0.003172747947048295		1.0
S03	EAR16	KO	0.00023546416665518323	0.0002296568671230847	0.0013927187745641676		1.0
S03	EAR17	KO	0.0	0.0	6.461455041339335e-05		1.0
S03	EAR2	KO	0.0067107287496727215	0.006545220713007914	0.006710728749633036		1.0
S03	EAR3	KO	0.0067107287496727215	0.006545220713007914	0.006710728749688623		1.0
S03	EAR4	KO	0.0067107287496727215	0.006545220713007914	0.006710728749688623		1.0
S03	EAR5	KO	0.004238354999793299	0.004133823608215524	0.004238354999803341		1.0
S03	EAR6	KO	0.0014127849999310993	0.0013779412027385102	0.0016363994044779255		1.0
S03	EAR7	KO	0.0014127849999310993	0.0013779412027385102	0.0016363994043921022		1.0
S03	EAR8	KO	0.0010595887499483243	0.0010334559020538814	0.0012919141037074629		1.0
S03	EAR9	KO	0.0	0.0	0.00019384365124018005		1.0
S03	ENO	KO	0.8114731096367322	0.43069385474818167	0.8114731096321653		1.0
S03	EPS	KO	0.0	0.0	0.006461455043491376		1.0
S03	EPStex	KO	0.0	0.0	0.006461455041339332		1.0
S03	EPStpp	KO	0.0	0.0	0.0064614550413393335		1.0
S03	FA_PL_DASH_ACP_DASH_AFE	KO	0.01177320833275916	0.01148284335615421	0.011773208332689536		1.0
S03	FBA	KO	0.0	-999.9696844854094	6.25301774138516		1.0
S03	FBA3	KO	-0.32261026690542993	-999.9359040182193	5.926032476279776		1.0
S03	FBP	KO	0.0	0.0	1000.0		1.0
S03	FCLT	KO	3.203594104152161e-06	3.12458322616442e-06	3.203594104138251e-06		1.0
S03	FDH	KO	0.0	0.0	0.10991091146205778		1.0
S03	FE2tex	KO	0.0053708255156111025	0.00523836377866465	0.005370825515611952		1.0
S03	FE2tpp	KO	0.0	0.0	0.005370825515587824		1.0
S03	FE32tpp	KO	0.005366020124454874	0.005233676903825404	0.005366020124367433		1.0
S03	FE3tpp	KO	0.005366020124454874	0.005233676903825403	0.005366020124367433		1.0
S03	FMNAT	KO	1.6017970520760817e-06	1.56229161308221e-06	1.6017970520761611e-06		1.0
S03	FTHFD	KO	0.0	0.0	6.253017741490534		1.0
S03	FTHFL	KO	0.0	0.0	1000.0		1.0
S03	FUM	KO	-0.043325566844281405	-999.3556156124647	-0.04206317612851845		1.0
S03	G1PACT	KO	0.005317966212892591	0.005186808155432936	0.005317966212893143		1.0
S03	G1PTT	KO	0.002921677822986773	0.0028496199022619508	0.004658827314280272		1.0
S03	G1SAT	KO	3.844312924982594e-05	3.749499871397304e-05	3.844312924982996e-05		1.0
S03	G3PAT1	KO	0.0058866041663796	0.005741421678077121	0.005886604166379771		1.0
S03	G3PAT2	KO	0.0058866041663796	0.005741421678077121	0.005886604166379772		1.0
S03	G3PD2	KO	0.00824124583293144	0.00803799034930797	0.00824124583293168		1.0
S03	G5SADs	KO	0.0216242602030271	0.021090936776609837	0.021624260203027733		1.0
S03	G5SD	KO	-0.021624260203027098	-0.02162426020313425	-0.021090936776609833		1.0
S03	G6PDH2	KO	0.0	-0.36076573233220194	0.0		1.0
S03	GALU	KO	0.0	-6.76954828565731e-18	0.00032307275214711156		1.0
S03	GAP2	KO	0.0	-1000.0	999.9854331929998		1.0
S03	GAPD1	KO	1.0520875118084747	-30.39180750557394	1000.0		1.0
S03	GAPD2	KO	-1.5977518738010372	-1000.0	29.8349377725948		1.0
S03	GARFT	KO	0.022237908653699782	-999.9782347781677	0.022315595811177157		1.0
S03	GART	KO	7.768715702567515e-05	0.0	1000.0		1.0
S03	GCALDD	KO	6.4071882082895165e-06	6.2491664523792955e-06	6.40718820836257e-06		1.0
S03	GF6PTA	KO	0.005348720716292451	0.005216804154404114	0.005348720716320822		1.0
S03	GFUCS	KO	0.0	0.0	0.0016476710363158716		1.0
S03	GHMT2	KO	-0.02168032309986474	-0.02168032309980782	0.004493436626467638		1.0
S03	GHMT3	KO	0.10355521833854854	0.07536216179954654	0.21091212687017033		1.0
S03	GK1	KO	0.012984166904128694	0.0126639358156444	0.012984166904079485		1.0
S03	GLAT	KO	0.02277034599378755	-3.104300114282326	0.022770345993793704		1.0
S03	GLBRAN1	KO	0.012013477890570612	0.011717187098116574	1000.0		1.0
S03	GLCP	KO	0.0	0.0	1.0421696235701536		1.0
S03	GLCS1	KO	0.01201347789057061	0.011717187098116574	4.180395681424181		1.0
S03	GLCtex	KO	0.5	0.48718047319896046	0.4999999999999097		1.0
S03	GLCtpp	KO	0.5	0.4871804731963731	0.5		1.0
S03	GLDBRAN2	KO	0.0	0.0	999.9882828129018		1.0
S03	GLGC	KO	0.012013477890570612	0.011717187098116574	4.1803956814330485		1.0
S03	GLNS	KO	0.0	0.0	3.126508870744648		1.0
S03	GLU5K	KO	0.02162426020302711	0.02109093677660984	0.021624260203133176		1.0
S03	GLUCYS	KO	1.6017970520760822e-06	1.5622916130822103e-06	1.6017970520818058e-06		1.0
S03	GLUPRT	KO	0.022315595810725466	0.02176522183717796	0.022315595809636848		1.0
S03	GLUR	KO	0.002082336167698906	0.0020309790970068726	0.0020823361677063472		1.0
S03	GLUSy	KO	0.730291792521747	0.6866414073149048	1000.0		1.0
S03	GLUTRR	KO	3.844312924982594e-05	3.749499871397303e-05	3.8443129249872216e-05		1.0
S03	GLUTRS	KO	3.844312924982595e-05	3.749499871397303e-05	3.844312924969251e-05		1.0
S03	GLXCL	KO	0.035848721109934374	0.008349668471176077	0.11090588291946096		1.0
S03	GLXR	KO	0.0	0.0	2.6054240588285826		1.0
S03	GLYCH	KO	0.07169744221986873	0.06797744415861146	2.6734015031021596		1.0
S03	GLYCK	KO	0.035848721109934374	0.008349668470327644	0.11090588291331357		1.0
S03	GLYK	KO	0.00028031448411331436	0.00027340103228938676	0.0002803144841133282		1.0
S03	GMAND	KO	0.0	0.0	0.0016476710359450177		1.0
S03	GMHEPAT	KO	9.226351019958231e-05	8.998799691353529e-05	9.226351019958367e-05		1.0
S03	GMHEPK	KO	9.226351019958231e-05	8.998799691353529e-05	9.226351019958453e-05		1.0
S03	GMHEPPA	KO	9.226351019958232e-05	8.998799691353529e-05	9.226351019958455e-05		1.0
S03	GMPS2	KO	0.012984166904128512	0.01266393581564421	6.265681677306556		1.0
S03	GRTT	KO	4.004492630684068e-06	3.9057290327054395e-06	4.004492630190279e-06		1.0
S03	GSNK	KO	-0.8751591188100563	-1000.0	1000.0		1.0
S03	GTHS	KO	1.6017970520760822e-06	1.5622916130822107e-06	1.6017970520750877e-06		1.0
S03	GTPCI	KO	6.407188208289516e-06	6.249166452338917e-06	6.407188208316254e-06		1.0
S03	GTPCII2	KO	3.203594104152162e-06	3.124583226164419e-06	3.2035941041501666e-06		1.0
S03	GUAD	KO	0.0	0.0	6.253017741559926		1.0
S03	GUAPRT	KO	-0.8751591188100563	-1000.0	1000.0		1.0
S03	H2Otex	KO	-65.69765417645759	-78.84169474232347	-63.01483867929084		1.0
S03	H2Otpp	KO	-65.6976541764576	-78.84169474232903	-63.01483867966492		1.0
S03	H2Stex	KO	0.0	0.0	0.0		1.0
S03	H2Stpp	KO	0.0	0.0	0.0		1.0
S03	H2tex	KO	0.0	0.0	0.5090100993229735		1.0
S03	H2tpp	KO	0.0	-0.5090100993233977	0.0		1.0
S03	HACT	KO	0.013616876739698771	0.01328104100281188	0.013616876739692882		1.0
S03	HBPPT	KO	1.6017970525699456e-06	1.5622916130822103e-06	1.601797052074398e-06		1.0
S03	HCO3E	KO	0.07528853357607795	0.07050411282283074	0.14742127365051697		1.0
S03	HCO3tex	KO	0.0758605602113353	0.0	0.07691716083021875		1.0
S03	HCO3tpp	KO	0.0758605602113353	0.0	0.0769171608319014		1.0
S03	HCYSMT	KO	-0.003302905521382354	-0.003302905521383508	2.0811178018489875		1.0
S03	HETZK	KO	0.0	0.0	0.0		1.0
S03	HISTD1	KO	0.01922156462491298	0.018747499356986524	0.019221564624923786		1.0
S03	HISTD2	KO	0.019221564624912982	0.01874749935698652	0.019221564624895878		1.0
S03	HISTP	KO	0.01922156462491298	0.018747499356986518	0.019221564624895878		1.0
S03	HKDOS	KO	0.0030754503399860775	0.0029995998971178435	0.0030754503399833414		1.0
S03	HKMPP	KO	5.8465592400776976e-05	5.7023643877500646e-05	5.846559240072495e-05		1.0
S03	HMBS	KO	4.805391156228243e-06	4.68687483924663e-06	4.8053911562239685e-06		1.0
S03	HMPK1	KO	1.6017970520760817e-06	1.5622916130822099e-06	1.6017970520746564e-06		1.0
S03	HMSK	KO	0.23565157691037533	0.17856154802077942	0.33975056670178777		1.0
S03	HPPK2	KO	6.4071882082895165e-06	6.249166452359281e-06	6.407188208354105e-06		1.0
S03	HSDy	KO	-0.2492684536500741	-0.35303160770413783	-0.1918425890241909		1.0
S03	HSERTA	KO	0.013616876739698773	0.01328104100281187	0.013616876739706423		1.0
S03	HSTPT	KO	0.01922156462491298	0.018747499356986514	0.019221564624895875		1.0
S03	HXAND	KO	0.012984166904128512	-6.253017741838855	0.012984166904259284		1.0
S03	HXPRT	KO	0.0	0.0	1000.0		1.0
S03	HYD1pp	KO	0.0	0.0	0.5090100993234675		1.0
S03	HYD3pp	KO	0.4091911505206343	0.0	0.509010099323471		1.0
S03	HYD4	KO	0.0	0.0	0.10991091145895115		1.0
S03	Htex	KO	-127.2883742338757	-153.60131374172542	-122.33170201458937		1.0
S03	Htpp	KO	0.0	0.0	0.0		1.0
S03	ICDHyr	KO	0.08817011783300277	0.08599556069630417	0.08817011783278275		1.0
S03	ICITRED	KO	0.0	0.0	0.0		1.0
S03	IG3PS	KO	0.01922156462491298	0.018747499356986518	0.01922156462492974		1.0
S03	IGPDH	KO	0.01922156462491298	0.018747499356986518	0.01922156462492974		1.0
S03	IGPS	KO	0.0	0.0	0.0		1.0
S03	ILETA	KO	-0.023226057255103183	-0.023226057255047738	-0.02265322838969204		1.0
S03	IMPC	KO	-0.04153555863858637	-0.04153555863882328	-0.04051115890310223		1.0
S03	IMPD	KO	0.0	0.0	6.265681677308261		1.0
S03	INSK	KO	-0.04153555863858637	-1000.0	501.11511201034216		1.0
S03	IPDDI	KO	0.0	-2.242515872873064e-05	4.0044926302234465e-06		1.0
S03	IPDPS	KO	2.2425158732522196e-05	0.0	2.6429651359297503e-05		1.0
S03	IPMD	KO	0.04084582482794009	0.0398384361335976	0.04084582482800522		1.0
S03	IPPMIa	KO	0.04084582482794009	0.039838436133596354	0.040845824828005216		1.0
S03	IPPS	KO	0.040845824827940094	0.039838436133596354	0.04084582482800522		1.0
S03	KARA1	KO	-0.07368746978665597	-0.0736874697856146	-0.07187010107663135		1.0
S03	KARA2	KO	0.023226057255103186	0.02265322838969275	0.02322605725491888		1.0
S03	KDOCT	KO	0.0030754503399860788	0.002999599897117844	0.0030754503399909833		1.0
S03	KDOCT2	KO	0.006150900679972156	0.005999199794235688	0.006150900679981966		1.0
S03	KDOCT3	KO	0.003075450339986078	0.0029995998971178435	0.003075450339990982		1.0
S03	KDOPP	KO	0.006150900679972155	0.005999199794235688	0.006150900679981966		1.0
S03	KDOPS	KO	0.006150900679972156	0.005999199794235687	0.006150900679981966		1.0
S03	KMBT	KO	5.8465592400776976e-05	5.7023643877500646e-05	5.846559240087022e-05		1.0
S03	Ktex	KO	0.003684133219774988	0.0035932707100890826	0.0036841332197808637		1.0
S03	Ktpp	KO	0.003684133219774988	0.0035932707100890826	0.0036841332197808637		1.0
S03	LDAS	KO	0.0005766469387473894	0.0005624249807095955	0.000576646938748309		1.0
S03	LEUTA	KO	-0.04084582482794009	-0.040845824827399534	-0.03983843613360218		1.0
S03	LIPA	KO	0.0030754503399860775	0.002999599897117937	0.003075450339961673		1.0
S03	LIPS	KO	0.0005766469387473894	0.0005624249807095955	0.000576646938748309		1.0
S03	LPADSS	KO	0.0005766469387473892	0.0005624249807095956	0.0005766469387483088		1.0
S03	LPS	KO	0.0019221564624912982	0.0018747499356986518	0.0019221564624943637		1.0
S03	MACPD	KO	0.0	0.0	0.0		1.0
S03	MALS	KO	0.0	0.0	0.051278107223437105		1.0
S03	MAN1PT	KO	3.0754503399860775e-05	2.9995998971178436e-05	0.0017099743106047324		1.0
S03	MAN6PI	KO	3.075450339986078e-05	2.999599897117844e-05	0.0017099743096263271		1.0
S03	MBDR	KO	2.6429651363206262e-05	2.5777811615855534e-05	2.6429651359044637e-05		1.0
S03	MCOATA	KO	0.10471427868536946	0.10213168962134997	0.11792348574655392		1.0
S03	MCTP1A	KO	0.001041168083849453	0.0010154895485034365	0.0010411680838411912		1.0
S03	MDH	KO	0.043325566844281405	0.042063176129045816	999.3812546660773		1.0
S03	MECDPS	KO	2.6429651363206265e-05	2.577781161585553e-05	2.642965135949315e-05		1.0
S03	MEPCT	KO	2.642965136320627e-05	2.5777811615855537e-05	2.6429651359420804e-05		1.0
S03	METAT	KO	0.0	0.0	2.084339247286957		1.0
S03	METS	KO	0.016859714871628274	0.016443900373501453	0.01685971487163346		1.0
S03	MG2tex	KO	0.019221564624912976	0.018747499356986518	0.019221564625049942		1.0
S03	MG2tpp	KO	0.01922156462491298	0.018747499356986518	0.019221564625049946		1.0
S03	MMCD	KO	0.0014127849999310996	0.001377941202745129	0.001636399404514707		1.0
S03	MMM	KO	-0.0014127849999310996	-0.0016363994044720624	-0.0013779412027385112		1.0
S03	MN2tex	KO	0.002402695578114123	0.0023434374196233147	0.002402695578114198		1.0
S03	MN2tpp	KO	0.002402695578114123	0.0023434374196233147	0.0024026955781141514		1.0
S03	MNTH	KO	0.005370825515611103	0.0	0.005370825515611166		1.0
S03	MOHMT	KO	4.805391156214123e-06	4.6868748391018556e-06	4.805391156214179e-06		1.0
S03	MTAP	KO	5.846559240077698e-05	5.702364387750065e-05	5.8465592400777674e-05		1.0
S03	MTHFC	KO	0.06377506908933823	0.062202171886207296	0.17211308334697809		1.0
S03	MTHFD1	KO	0.06377506908933825	-999.937797828123	0.17211308334697273		1.0
S03	MTHFD2	KO	0.0	0.0	1000.0		1.0
S03	MTHFR3	KO	0.01686131666868035	0.016445462665107484	0.016861316668644998		1.0
S03	MTHPTGHM	KO	0.0	0.0	0.0		1.0
S03	MTOD	KO	5.846559240077697e-05	5.7023643877500646e-05	5.846559240082623e-05		1.0
S03	MTRG	KO	0.0	0.0	1.0421696235817115		1.0
S03	MTROI	KO	5.846559240077697e-05	5.702364387747239e-05	5.846559240066874e-05		1.0
S03	MTRP	KO	0.0	0.0	1.0421696235722346		1.0
S03	N2tex	KO	0.4091911505206344	0.39909918786106124	0.4091911505213806		1.0
S03	N2tpp	KO	0.4091911505206343	0.39909918785837456	0.40919115052213867		1.0
S03	NA1tex	KO	0.004244762188001618	0.004140072774667857	0.004244762187992556		1.0
S03	NA1tpp	KO	0.011212579364532573	0.01093604129157547	0.011212579364508637		1.0
S03	NADHI	KO	2.224164244261113	2.015474917848968	8.268492659308949		1.0
S03	NADK	KO	4.004492630177499e-06	3.905729032959616e-06	6.253021647284524		1.0
S03	NADPPPS	KO	0.0	0.0	6.253017741536176		1.0
S03	NADS1	KO	0.0	0.0	1.9221564572582926e-05		1.0
S03	NADS2	KO	1.9221564625639644e-05	0.0	1.922156459249571e-05		1.0
S03	NADTRHD	KO	0.0	0.0	31.26508870670938		1.0
S03	NDH2_NATIVE	KO	0.0	0.0	6.253017741338731		1.0
S03	NDPK1	KO	0.011252944650244874	0.01097541104017133	1000.0		1.0
S03	NDPK2	KO	-0.8885390897657757	-999.9638259188453	0.02932762258582273		1.0
S03	NDPK3	KO	0.9238659228507876	0.005851250778476769	999.9982814792253		1.0
S03	NDPK4	KO	0.004123025612043835	0.004021338612073608	0.005830546023758881		1.0
S03	NDPK5	KO	0.0017619767572836901	0.001718520774390431	0.0017619767572748073		1.0
S03	NDPK6	KO	0.0012321022924569214	0.0	0.0012321022924568924		1.0
S03	NDPK7	KO	0.0017619767572836901	0.001718520774390431	0.0029940790497404654		1.0
S03	NDPK8	KO	0.0012013477890570612	0.0011717187098116573	0.0012013477890607475		1.0
S03	NH4pp	KO	0.0	0.0	0.0		1.0
S03	NH4tex	KO	0.0	0.0	0.0		1.0
S03	NITF	KO	0.40919115052063426	0.3990991878651509	0.40919115051906685		1.0
S03	NNAT	KO	1.9221564625639647e-05	1.8747499561687626e-05	1.922156440478543e-05		1.0
S03	NNDPR	KO	1.9221564625639644e-05	1.874749956168763e-05	1.9221564404785435e-05		1.0
S03	NOX_NATIVE	KO	0.0	0.0	2.605424058868019		1.0
S03	NTPTP1	KO	0.0	0.0	0.0		1.0
S03	O2tex	KO	31.909522392217355	30.665270498357565	38.4815426751541		1.0
S03	O2tpp	KO	31.909522392217355	30.665270498266935	38.4815426751541		1.0
S03	OCBT	KO	0.022425158729065153	0.021872082583150942	0.02242515872901027		1.0
S03	OCTDPS	KO	1.6017970525699456e-06	1.5622916130822099e-06	1.6017970520822852e-06		1.0
S03	OHPBAT	KO	1.6017970520760822e-06	1.56229161308221e-06	1.6017970520761613e-06		1.0
S03	OHPHM	KO	1.6017970525699453e-06	1.5622916130822103e-06	1.6017970520761239e-06		1.0
S03	OMBQM	KO	1.6017970525699453e-06	1.5622916130822097e-06	1.601797052076124e-06		1.0
S03	OMCDC	KO	0.04084582482794009	0.039838436133596354	0.04084582482794118		1.0
S03	OMMBH	KO	1.6017970525699453e-06	1.5622916130822103e-06	1.601797052076124e-06		1.0
S03	OMPDC	KO	0.024009656372978628	0.023417501447038098	0.024009656372979266		1.0
S03	OMPHHX	KO	1.6017970525699453e-06	1.5622916130822097e-06	1.601797052076124e-06		1.0
S03	OPHBDC	KO	1.6017970525699453e-06	1.56229161308221e-06	1.601797052076124e-06		1.0
S03	OPHHX	KO	8.008985262849727e-07	7.811458065411049e-07	8.00898526038062e-07		1.0
S03	ORNDC	KO	0.0003451872647223956	0.0003366738426192162	0.0003451872647224048		1.0
S03	ORPT	KO	0.024009656372978628	0.023417501447038094	0.024009656372979263		1.0
S03	P5CR	KO	-0.0216242602030271	-0.021624260203091033	-0.021090936776609868		1.0
S03	PANTS	KO	4.805391156214122e-06	4.686874839171077e-06	4.8053911562465775e-06		1.0
S03	PAPPT3	KO	0.002082336167698906	0.002030979097006873	0.0020823361676989565		1.0
S03	PAPSR	KO	0.013624885724959138	0.013288852460956053	3.139797723206342		1.0
S03	PCYT	KO	0.0058866041663795995	0.005741421678077122	0.005886604166379511		1.0
S03	PDH	KO	0.060115443364317636	0.0	0.10991091145954954		1.0
S03	PDX5PO	KO	1.601797052076082e-06	1.56229161308221e-06	1.6017970520761793e-06		1.0
S03	PDX5PS	KO	1.601797052076082e-06	1.56229161308221e-06	1.601797052076053e-06		1.0
S03	PERD	KO	1.6017970520760822e-06	1.56229161308221e-06	1.601797052076053e-06		1.0
S03	PFK	KO	0.0	0.0	6.2530177414899475		1.0
S03	PGAMT	KO	-0.005317966212892591	-0.005317966212884282	-0.005186808155432936		1.0
S03	PGCD	KO	-1.4989805039625135e-14	0.0	0.025639053610271807		1.0
S03	PGDH	KO	0.0	0.0	0.36076573233480336		1.0
S03	PGI1	KO	0.48506484428644264	0.12466746066439817	0.485433192999621		1.0
S03	PGK	KO	-0.5456643619925625	-0.5568697321173575	0.009008429101847832		1.0
S03	PGL	KO	0.0	0.0	0.36076573233481213		1.0
S03	PGLT	KO	0.0010411680838494529	0.0010154895485034365	0.0010411680838494826		1.0
S03	PGLYCP	KO	0.07169103503166044	0.06797119499536176	0.221805516656733		1.0
S03	PGM1	KO	0.8114731096367321	0.4306938547478253	0.811473109636771		1.0
S03	PGMT	KO	0.0	-1000.0	999.9854331929998		1.0
S03	PGMT2	KO	-0.014935155713557396	-1000.0	999.9854331929995		1.0
S03	PGPP120	KO	0.0026349561506651548	0.002569969703520235	0.0026349561506653794		1.0
S03	PGSA	KO	0.002634956150665155	0.0025699697035202356	0.002634956150665173		1.0
S03	PHETA1	KO	-0.014416173468684736	-0.01441617346873682	-0.01406062451773988		1.0
S03	PHFT	KO	1.601797052076082e-06	1.5622916130822097e-06	1.6017970520764593e-06		1.0
S03	PHSTG1	KO	0.0	0.0	0.0		1.0
S03	PHSTG2	KO	0.0	0.0	0.0		1.0
S03	PL_DASH_AFE	KO	0.005606289682266286	0.005468020645787735	0.0056062896822663254		1.0
S03	PMANM	KO	3.075450339986078e-05	2.999599897388397e-05	0.0017099743101295537		1.0
S03	PMEAS	KO	0.002410704563374503	0.0023512488776887257	0.0024107045633750706		1.0
S03	PMPK	KO	1.6017970520760817e-06	1.5622916130822097e-06	1.6017970520760932e-06		1.0
S03	PNTK	KO	4.805391156214122e-06	4.686874839215765e-06	4.805391156157931e-06		1.0
S03	PPA	KO	0.24662036276351504	0.24053791574893824	6.493555657240469		1.0
S03	PPBNGS	KO	1.9221564624912974e-05	1.874749935698652e-05	1.9221564624915325e-05		1.0
S03	PPC	KO	0.43464634864330004	0.37264847215595903	0.5004446911743665		1.0
S03	PPCDC	KO	4.805391156214122e-06	4.686874839270779e-06	4.805391156190779e-06		1.0
S03	PPK2	KO	0.0	0.0	0.0		1.0
S03	PPNCL2	KO	4.805391156214122e-06	4.686874839270779e-06	4.805391156212734e-06		1.0
S03	PPND	KO	0.01121418116158465	0.010937603583188552	0.011214181161584943		1.0
S03	PPNDH	KO	0.014416173468684736	0.01406062451773989	0.01441617346868511		1.0
S03	PPPGO	KO	3.203594104152161e-06	3.1245832261644206e-06	3.203594104152246e-06		1.0
S03	PPTtex	KO	0.0	0.0	0.0		1.0
S03	PPTtpp	KO	0.0	0.0	0.0		1.0
S03	PRAGS	KO	0.022315595810725466	0.02176522183681463	0.02231559581069628		1.0
S03	PRAI	KO	0.0	0.0	0.0		1.0
S03	PRAIS	KO	0.022315595810725466	0.021765221836814636	0.022315595810696285		1.0
S03	PRAMPC	KO	0.019221564624912982	0.01874749935698652	0.019221564624913905		1.0
S03	PRASCS	KO	0.02231399401367339	0.021763659545201555	0.022313994013644207		1.0
S03	PRATPP	KO	0.019221564624912982	0.018747499356986518	0.019221564624913905		1.0
S03	PRFGS	KO	0.022315595810725463	0.021765221836814636	0.022315595810696285		1.0
S03	PRMICI	KO	0.01922156462491298	0.018747499356986518	0.019221564624913902		1.0
S03	PRPPS	KO	0.0656245039656434	0.06400599378384739	3.190514864529489		1.0
S03	PRUK	KO	0.1508255307829403	0.14710569074614033	0.30094001240787654		1.0
S03	PSCVT	KO	0.025639965412582316	0.025007601850606954	0.025639965412582965		1.0
S03	PSD120	KO	0.003251648015714445	0.0031714519745568858	0.003251648015714604		1.0
S03	PSERT	KO	1.4989805039625135e-14	-0.02563905361030037	0.0		1.0
S03	PSP_L	KO	-1.498980503962513e-14	0.0	0.025639053610289383		1.0
S03	PSSA120	KO	0.0032516480157144456	0.0031714519745568858	0.003251648015714602		1.0
S03	PTPAT	KO	4.805391156214122e-06	4.686874839219258e-06	2.0843439340387158		1.0
S03	PUNP1	KO	0.028491324345005023	-999.2855699555436	2.112127884314914		1.0
S03	PUNP2	KO	0.012984166904128512	-6.253017741521363	1000.0		1.0
S03	PUNP3	KO	0.8751591188100563	-1000.0	999.9999999999998		1.0
S03	PUNP4	KO	0.0	0.0	0.0		1.0
S03	PYAM5PO	KO	0.0	0.0	0.0		1.0
S03	PYDAMK	KO	0.0	0.0	0.0		1.0
S03	PYDXK1	KO	0.0	0.0	0.0		1.0
S03	PYDXK2	KO	0.0	0.0	0.0		1.0
S03	PYK	KO	0.31731359332059594	0.0	0.3607657323351887		1.0
S03	PYRDB	KO	1.601797052076082e-06	1.56229161308221e-06	1.601797052076708e-06		1.0
S03	Pitex	KO	-0.054637457626087585	-0.0546374576262992	-0.05328992314992322		1.0
S03	Pitpp	KO	0.054637457626087585	0.05328992315161011	0.0546374576228321		1.0
S03	QULNS	KO	1.9221564625639644e-05	1.874749927156039e-05	1.922156462225346e-05		1.0
S03	RBFK1	KO	1.6017970520760817e-06	1.5622916130822103e-06	1.601797052077289e-06		1.0
S03	RBFS	KO	3.203594104152163e-06	3.1245832261644206e-06	3.2035941041545783e-06		1.0
S03	RBFS2	KO	6.407188208304325e-06	6.249166452328841e-06	6.407188208309156e-06		1.0
S03	RHCCE	KO	0.0	0.0	0.0		1.0
S03	RIBPH	KO	3.203594104152162e-06	3.1245832261644197e-06	3.2035941041545767e-06		1.0
S03	RNDR1	KO	0.0012013477890570614	0.0011717187098116573	0.001201347789057967		1.0
S03	RNDR2	KO	0.0017619767572836901	0.001718520774390431	0.001761976757285018		1.0
S03	RNDR3	KO	0.0017619767572836901	0.001718520774390431	0.0029940790497302826		1.0
S03	RNDR4	KO	0.0012321022924569214	0.0	0.0012321022924525842		1.0
S03	RPE	KO	-0.1569828386511208	-0.2556673541480767	-0.15311113970862897		1.0
S03	RPI	KO	0.0	0.0	0.05127810722582499		1.0
S03	RUBISCO	KO	0.07913449575127987	0.027856388530690442	0.0791344957512799		1.0
S03	RUBISCOX	KO	0.07169103503166045	0.06797119499487005	0.22180551666234888		1.0
S03	S7PI	KO	9.226351019958231e-05	8.998799691353529e-05	9.226351019958634e-05		1.0
S03	SADT	KO	0.013624885724959138	0.013288852460877222	1000.0		1.0
S03	SBPASE	KO	-0.32261026690542993	-999.9359040182184	5.926032476172029		1.0
S03	SCCR	KO	0.0	0.0	0.0		1.0
S03	SDPDS	KO	0.02851198752695425	0.027808790712863338	0.02851198752697311		1.0
S03	SDPTA	KO	-0.028511987526954247	-0.028511987526994576	-0.027808790712860982		1.0
S03	SERAT	KO	8.008985260366288e-06	7.811458065399329e-06	8.008985260362605e-06		1.0
S03	SFAT1	KO	0.0	0.0	999.986711147539		1.0
S03	SFAT2	KO	0.0	0.0	6.253017741608973		1.0
S03	SHBI	KO	1.6017970520760817e-06	1.56229161308221e-06	1.6017970520724416e-06		1.0
S03	SHCHD2	KO	1.601797052076082e-06	1.56229161308221e-06	1.6017970520653155e-06		1.0
S03	SHK3D	KO	-0.025639965412582313	-0.025639965412544333	-0.025007601850619076		1.0
S03	SHKK	KO	0.025639965412582316	0.02500760185060695	0.025639965412537005		1.0
S03	SO41tpp	KO	0.0	0.0	0.0		1.0
S03	SO42tpp	KO	0.0	0.0	0.0		1.0
S03	SO4AA1tpp	KO	0.020832972459301505	0.02031916471974724	0.020832972459000516		1.0
S03	SO4AA2tpp	KO	-0.0208329724593015	-0.02083297245927105	-0.020319164719748387		1.0
S03	SO4tex	KO	0.0	0.0	0.0		1.0
S03	SPMS	KO	5.8465592400776976e-05	5.7023643877500694e-05	5.84655924008569e-05		1.0
S03	SQRED1	KO	0.0	0.0	0.0		1.0
S03	SUCD	KO	0.0013943643338314962	0.0013599748491883762	0.0016371805501689779		1.0
S03	SUCOAS	KO	0.029925573425411387	0.029187513061408394	0.029925573425464487		1.0
S03	SULDO	KO	0.0	0.0	0.0		1.0
S03	SULR2	KO	-0.013624885724959138	-0.013624885724978256	-0.013288852460877198		1.0
S03	Stex	KO	0.0	0.0	0.0		1.0
S03	T2DECAI	KO	0.006710728749672722	0.006545220713007903	0.006710728749659264		1.0
S03	TALA	KO	-0.3883270343812729	-1000.0	5.861936494340598		1.0
S03	TDPDRE1	KO	0.0	0.0	0.0023882753130856655		1.0
S03	TDPDRE2	KO	0.0013224436461940132	0.0	0.002388275313199813		1.0
S03	TDPDRR	KO	0.0	0.0	0.00238827531313733		1.0
S03	TDPGDH	KO	0.0013224436461940132	0.001289827955760672	0.0023882753131998133		1.0
S03	TDSK	KO	0.0005766469387473893	0.0005624249807095956	0.0005766469387492486		1.0
S03	THDPS	KO	0.028511987526954243	0.027808790712863334	0.02851198752705485		1.0
S03	THFAT	KO	0.0	0.0	0.0		1.0
S03	THMP	KO	0.0	0.0	0.0		1.0
S03	THPDH	KO	1.6017970520760822e-06	1.56229161308221e-06	1.6017970520817336e-06		1.0
S03	THRD_L	KO	0.023226057255103193	0.022653228389692047	0.02322605725518514		1.0
S03	THRS	KO	0.23565157691037533	0.17856154802133486	0.3397505666971978		1.0
S03	TKT1	KO	-0.0913583346854774	-0.14038325314654657	-0.08910514591959616		1.0
S03	TKT2	KO	0.0656245039656434	0.06400599378383945	0.11528410100442096		1.0
S03	TMDK1	KO	0.0	0.0	0.0		1.0
S03	TMDK2	KO	0.0	0.0	0.0		1.0
S03	TMDS	KO	0.0012321022924569219	0.0012017147087828365	0.0012321022924569442		1.0
S03	TMPK	KO	1.601797052076082e-06	1.56229161308221e-06	1.6017970520761245e-06		1.0
S03	TMPPP	KO	1.6017970520760817e-06	1.5622916130822099e-06	1.6017970520761243e-06		1.0
S03	TPI	KO	-0.314349799507873	-0.31892852729383603	0.0931153122615626		1.0
S03	TRDR	KO	0.007667482128877776	0.007478377493501956	3.1339872482387965		1.0
S03	TRPS2	KO	0.0	0.0	0.0		1.0
S03	TRPS3	KO	0.0	0.0	0.0		1.0
S03	TRSAR	KO	-0.035848721109934374	-0.11090588291158839	-0.008349668470355216		1.0
S03	TSQOC	KO	0.0	0.0	0.0		1.0
S03	TSULtex	KO	0.0	0.0	0.0		1.0
S03	TTMS	KO	1.601797052076082e-06	1.5622916130822092e-06	1.6017970520761605e-06		1.0
S03	TTSF	KO	0.0	0.0	0.0		1.0
S03	TTTONtex	KO	0.0	0.0	0.0		1.0
S03	TYRTA	KO	0.01121418116158465	0.010937603583188554	0.011214181161584938		1.0
S03	UAAA	KO	0.0011532938774947786	0.001124849961419191	0.0011532938774948083		1.0
S03	UAAD	KO	0.0011532938774947786	0.001124849961419191	0.0011532938774948083		1.0
S03	UAAGDS	KO	0.002082336167698906	0.002030979097006873	0.0020823361676989595		1.0
S03	UACAA	KO	0.0011532938774947788	0.0011248499614191913	0.0011532938774948085		1.0
S03	UAGAAT	KO	0.0011532938774947786	0.001124849961419191	0.0011532938774948085		1.0
S03	UAGCVT	KO	0.002082336167698906	0.002030979097006872	0.0020823361676989586		1.0
S03	UAGDP	KO	0.005317966212892591	0.005186808155432936	0.005317966212892728		1.0
S03	UAMAGS	KO	0.002082336167698906	0.002030979097006873	0.0020823361676989595		1.0
S03	UAMAS	KO	0.002082336167698906	0.0020309790970068726	0.002082336167698959		1.0
S03	UAPGR	KO	-0.0020823361676989057	-0.0020823361676989382	-0.0020309790970068744		1.0
S03	UCMAT	KO	0.002082336167698906	0.002030979097006874	0.002082336167698969		1.0
S03	UDCPDP	KO	0.002082336167698906	0.002030979097006873	0.002082336167698953		1.0
S03	UDCPDPS	KO	0.0	0.0	0.0		1.0
S03	UDDS	KO	8.008985260380409e-07	7.811458065410204e-07	8.008985260380591e-07		1.0
S03	UDPGD	KO	0.0	8.494607086767006e-18	0.0003230727521460243		1.0
S03	UGDC	KO	0.0	0.0	6.461455042922827e-05		1.0
S03	UGLDDS	KO	0.002082336167698906	0.0020309790970068744	0.002082336167698969		1.0
S03	UHGA	KO	0.0005766469387473892	0.0005624249807095955	0.0005766469387474023		1.0
S03	UPP3MT1	KO	1.6017970520760815e-06	1.5622916130822097e-06	1.6017970520761177e-06		1.0
S03	UPP3MT2	KO	1.6017970520760815e-06	1.5622916130822097e-06	1.6017970520761177e-06		1.0
S03	UPP3S	KO	4.805391156228243e-06	4.68687483924663e-06	4.805391156228355e-06		1.0
S03	UPPDC1	KO	3.2035941041521613e-06	3.12458322616442e-06	3.2035941041522363e-06		1.0
S03	UPPRT	KO	0.91663461005919	0.0	1000.0		1.0
S03	URIDK	KO	-0.889965970579765	-999.9652176082129	0.02666863947942834		1.0
S03	URIK1	KO	0.0	0.0	1000.0		1.0
S03	URIK2	KO	0.0	0.0	999.9890245889598		1.0
S03	URIP	KO	-0.9166346100591899	-999.9999999999999	5.572576957075687e-17		1.0
S03	VALTA1	KO	0.05806354134070588	0.05663150868261701	0.05806354134071185		1.0
S03	VALTA2	KO	-0.09090038090826555	-0.09090038090827006	-0.0886584867508023		1.0
S03	XAND	KO	0.0	0.0	0.0		1.0
S03	XPPT	KO	0.012984166904128512	0.0	6.265681677307156		1.0
S03	ZN2tex	KO	0.0001601797052076082	0.00015622916130822085	0.00016017970520761736		1.0
S03	ZN2tpp	KO	0.00016017970520760817	0.000156229161308221	0.00016017970520761275		1.0
S03	3OAR1	UPREG	0.013820304965312403	0.013479452037673303	0.015314505269864798	3OAR1 >= 0.015015665209	1.0
S03	3OAR10	UPREG	0.013820304965312403	0.013479452037673303	0.015314505269862387	3OAR10 >= 0.015015665209	1.0
S03	3OAR11	UPREG	0.013820304965312403	0.013479452037673303	0.015314505269862387	3OAR11 >= 0.015015665209	1.0
S03	3OAR12	UPREG	0.0138203049653124	0.013479452037673298	0.015314505269862383	3OAR12 >= 0.015015665209	1.0
S03	3OAR13	UPREG	0.007109576215639677	0.006934231324665386	0.008769284556854485	3OAR13 >= 0.00843734288861	1.0
S03	3OAR14	UPREG	0.005591072610271553	0.00545317887546345	0.007159003006794162	3OAR14 >= 0.00684541692749	1.0
S03	3OAR15	UPREG	0.001530517083258691	0.0014927696363000499	0.0031727479474590887	3OAR15 >= 0.00229577562489	1.0
S03	3OAR16	UPREG	0.00023546416665518323	0.0002296568671230846	0.0013927187748485753	3OAR16 >= 0.000353196249983	1.0
S03	3OAR17	ACTIVATION_UPREG	0.0	0.0	6.461455042919395e-05	3OAR17 >= 6.46145504292e-06	1.0
S03	3OAR6	UPREG	0.0014127849999310993	0.0013779412027385156	0.0016363994044552193	3OAR6 >= 0.00159167652355	1.0
S03	3OAR7	UPREG	0.0014127849999310993	0.001377941202738518	0.0016363994044553455	3OAR7 >= 0.00159167652355	1.0
S03	3OAR8	UPREG	0.0012950529166035078	0.0012631127691769722	0.0015215709708937997	3OAR8 >= 0.00147626736004	1.0
S03	3OAR9	UPREG	0.0008241245832931414	0.0008037990349308002	0.0009976426862184154	3OAR9 >= 0.000962939065633	1.0
S03	3OAS1	UPREG	0.013820304965312403	0.013479452037673355	0.015314505269862808	3OAS1 >= 0.015015665209	1.0
S03	3OAS10	UPREG	0.007109576215639677	0.006934231324665405	0.008769284556854776	3OAS10 >= 0.00843734288861	1.0
S03	3OAS11	UPREG	0.005591072610271554	0.005453178875463465	0.007159003006794422	3OAS11 >= 0.00684541692749	1.0
S03	3OAS12	UPREG	0.0015305170832586909	0.001492769636300058	0.0031727479474593207	3OAS12 >= 0.00229577562489	1.0
S03	3OAS13	UPREG	0.00023546416665518326	0.00022965686712308586	0.0013927187748487197	3OAS13 >= 0.000353196249983	1.0
S03	3OAS14	ACTIVATION_UPREG	0.0	0.0	6.46145504292017e-05	3OAS14 >= 6.46145504292e-06	1.0
S03	3OAS27	UPREG	0.013820304965312403	0.013479452037673355	0.015314505269861957	3OAS27 >= 0.015015665209	1.0
S03	3OAS28	UPREG	0.0014127849999310996	0.0013779412027385162	0.0016363994044553442	3OAS28 >= 0.00159167652355	1.0
S03	3OAS5	UPREG	0.0014127849999310993	0.0013779412027385177	0.0016363994044552193	3OAS5 >= 0.00159167652355	1.0
S03	3OAS6	UPREG	0.0012950529166035078	0.0012631127691769724	0.0015215709708938	3OAS6 >= 0.00147626736004	1.0
S03	3OAS7	UPREG	0.0008241245832931413	0.0008037990349308003	0.0009976426862184152	3OAS7 >= 0.000962939065633	1.0
S03	3OAS8	UPREG	0.013820304965312403	0.013479452037673355	0.015314505269862808	3OAS8 >= 0.015015665209	1.0
S03	3OAS9	UPREG	0.013820304965312398	0.013479452037673352	0.015314505269862805	3OAS9 >= 0.015015665209	1.0
S03	ACCOAC	UPREG	0.10471427868536948	-999.8978683103782	0.11792348574692385	ACCOAC >= 0.115281644335	1.0
S03	ACGS	ACTIVATION_UPREG	0.0	0.0	3.12650887074529	ACGS >= 0.312650887075	1.0
S03	ACOATA	UPREG	0.0138203049653124	0.013479452037673303	0.015314505269864796	ACOATA >= 0.015015665209	1.0
S03	ACODA	ACTIVATION_UPREG	0.0	0.0	3.1265088707450546	ACODA >= 0.312650887075	1.0
S03	ACPS1	ACTIVATION_UPREG	0.0	0.0	2.0843392471639484	ACPS1 >= 0.208433924716	1.0
S03	ACPpds	ACTIVATION_UPREG	0.0	0.0	2.084339247163588	ACPpds >= 0.208433924716	1.0
S03	ACS	UPREG	0.014778179602453917	0.014413702422296473	3.140922573167668	ACS >= 0.0221672694037	1.0
S03	ADK1	UPREG	0.17968142413697508	0.17524990546834895	6.428267646957954	ADK1 >= 0.269522136205	1.0
S03	ADPT	UPREG	-0.028549789937405798	-3.1543545315403754	999.2855129318876	ADPT <= -0.0428246849061	1.0
S03	ADSK	UPREG	0.013624885724959138	0.01328885246087722	3.139797723193829	ADSK >= 0.0204373285874	1.0
S03	ADSL1	ACTIVATION_UPREG	0.0	0.0	999.3133585926801	ADSL1 >= 99.9313358593	1.0
S03	ADSR	ACTIVATION_UPREG	0.0	0.0	3.126508870839799	ADSR >= 0.312650887084	1.0
S03	ADSS	ACTIVATION_UPREG	0.0	0.0	999.3133585926812	ADSS >= 99.9313358593	1.0
S03	ALDEP	ACTIVATION_UPREG	0.0	-1.0421696235821245	-2.02041951894834e-16	ALDEP <= -0.104216962358	1.0
S03	AMALT1	ACTIVATION_UPREG	0.0	2.2770422664803476e-31	1.042169623584818	AMALT1 >= 0.104216962358	1.0
S03	AMPN	ACTIVATION_UPREG	0.0	0.0	3.1265088708070636	AMPN >= 0.312650887081	1.0
S03	ASAD	UPREG	-0.2777804411770284	-0.38084039841707734	-0.21965137973888943	ASAD <= -0.360228406969	1.0
S03	ASPK	UPREG	0.27778044117702844	0.21965137973688276	0.38084039841708095	ASPK >= 0.360228406969	1.0
S03	ASPO6	ACTIVATION_UPREG	0.0	0.0	1.9221564625343046e-05	ASPO6 >= 1.92215646253e-06	1.0
S03	ASPTA	UPREG	-0.38980179765457873	-999.6679075775362	-0.3289099312394667	ASPTA <= -0.584702696482	1.0
S03	ATPS5rpp	UPREG	21.578895686208718	20.990892986726053	27.244958401353312	ATPS5rpp >= 26.1117458583	1.0
S03	BDGK	UPREG	0.5	0.4871804731926143	2.5843392471634368	BDGK >= 0.75	1.0
S03	BHAH1	UPREG	0.013820304965312401	0.013479452037673305	0.015314505269863417	BHAH1 >= 0.015015665209	1.0
S03	BHAH10	UPREG	0.013820304965312401	0.013479452037673305	0.015314505269864689	BHAH10 >= 0.015015665209	1.0
S03	BHAH11	UPREG	0.013820304965312401	0.013479452037673305	0.015314505269864689	BHAH11 >= 0.015015665209	1.0
S03	BHAH12	UPREG	0.0138203049653124	0.013479452037673303	0.015314505269864685	BHAH12 >= 0.015015665209	1.0
S03	BHAH13	UPREG	0.007109576215639676	0.006934231324665388	0.008769284556856723	BHAH13 >= 0.00843734288861	1.0
S03	BHAH14	UPREG	0.0021071640220060805	0.0020551946170096467	0.0037610187483424267	BHAH14 >= 0.00316074603301	1.0
S03	BHAH15	UPREG	0.0015305170832586909	0.0014927696363000508	0.0031727479474611226	BHAH15 >= 0.00229577562489	1.0
S03	BHAH16	UPREG	0.00023546416665518318	0.00022965686712308464	0.0013927187748499752	BHAH16 >= 0.000353196249983	1.0
S03	BHAH17	ACTIVATION_UPREG	0.0	0.0	6.461455042927162e-05	BHAH17 >= 6.46145504293e-06	1.0
S03	BHAH6	UPREG	0.0014127849999310991	0.00137794120273851	0.0016363994044552126	BHAH6 >= 0.00159167652355	1.0
S03	BHAH7	UPREG	0.0014127849999310993	0.00137794120273851	0.0016363994044556053	BHAH7 >= 0.00159167652355	1.0
S03	BHAH8	UPREG	0.0012950529166035076	0.0012631127691769659	0.001521570970894064	BHAH8 >= 0.00147626736004	1.0
S03	BHAH9	UPREG	0.0008241245832931413	0.0008037990349307964	0.0009976426862186168	BHAH9 >= 0.000962939065634	1.0
S03	BIOC1	ACTIVATION_UPREG	0.0	0.0	1000.0	BIOC1 >= 100	1.0
S03	BIOC2	ACTIVATION_UPREG	0.0	0.0	999.9999999999999	BIOC2 >= 100	1.0
S03	BPNT	UPREG	0.01362488572495914	0.013288852460877238	3.1397977232029257	BPNT >= 0.0204373285874	1.0
S03	CAT	UPREG	0.04785915558610595	0.045702940824108265	1.3484149703006938	CAT >= 0.0717887333792	1.0
S03	CTPS2	UPREG	-0.9013855021234257	-999.976355497582	0.01648121022822162	CTPS2 <= -1.35207825319	1.0
S03	CYT1	UPREG	63.57981145404385	61.10306305438648	76.73560740846517	CYT1 >= 74.1044482176	1.0
S03	CYT2	UPREG	65.39478614958136	62.71944034662511	79.00813330933954	CYT2 >= 76.2854638774	1.0
S03	CYTA2	UPREG	1.8149746955375317	1.6163772922812651	7.628894351426638	CYTA2 >= 2.72246204331	1.0
S03	CYTAA31	UPREG	63.57981145404385	61.10306305434385	76.73560740846521	CYTAA31 >= 74.1044482176	1.0
S03	CYTAA32	ACTIVATION_UPREG	0.0	0.0	6.012517059125271	CYTAA32 >= 0.601251705913	1.0
S03	CYTBC1	UPREG	1.8149746955375314	1.6163772922812651	7.628894351426075	CYTBC1 >= 2.72246204331	1.0
S03	CYTBD	ACTIVATION_UPREG	0.0	0.0	6.012517059126733	CYTBD >= 0.601251705913	1.0
S03	CYTBO3	ACTIVATION_UPREG	0.0	0.0	6.012517059126733	CYTBO3 >= 0.601251705913	1.0
S03	CYTD	UPREG	-0.9166346100591899	-999.9912285137391	1.5702392441239528e-16	CYTD <= -1.37495191509	1.0
S03	CYTDK1	UPREG	0.91663461005919	0.0	999.991228513737	CYTDK1 >= 1.37495191509	1.0
S03	CYTDK2	ACTIVATION_UPREG	0.0	0.0	503.55581623004554	CYTDK2 >= 50.355581623	1.0
S03	CYTK1	UPREG	0.9256278996080715	0.00877148626149939	1000.0	CYTK1 >= 1.38844184941	1.0
S03	CYTRED	ACTIVATION_UPREG	0.0	0.0	6.012517059064773	CYTRED >= 0.601251705906	1.0
S03	DCTPD	ACTIVATION_UPREG	0.0	0.0	0.001232102292447207	DCTPD >= 0.000123210229245	1.0
S03	DDGPA	ACTIVATION_UPREG	0.0	0.0	0.3607657323291925	DDGPA >= 0.0360765732329	1.0
S03	DGPE	UPREG	-0.014935155713557396	-1000.0	999.9854331929998	DGPE <= -0.0224027335703	1.0
S03	DMPPS	UPREG	4.004492630684068e-06	0.0	2.642965135879631e-05	DMPPS >= 6.00673894603e-06	1.0
S03	DPCOAK	UPREG	4.805391156214122e-06	4.6868749015999055e-06	2.0843439338913785	DPCOAK >= 7.20808673432e-06	1.0
S03	EAR1	UPREG	0.013820304965312403	0.013479452037673268	0.015314505270022533	EAR1 >= 0.0150156652091	1.0
S03	EAR10	UPREG	0.013820304965312403	0.013479452037673307	0.015314505269413798	EAR10 >= 0.0150156652086	1.0
S03	EAR11	UPREG	0.0138203049653124	0.013479452037673303	0.015314505269413796	EAR11 >= 0.0150156652086	1.0
S03	EAR12	UPREG	0.007109576215639677	0.0069342313246653865	0.008769284556405802	EAR12 >= 0.00843734288825	1.0
S03	EAR13	UPREG	0.007109576215639677	0.006934231324665388	0.008769284556405802	EAR13 >= 0.00843734288825	1.0
S03	EAR14	UPREG	0.0021071640220060805	0.0020551946170096463	0.003761018747923248	EAR14 >= 0.00316074603301	1.0
S03	EAR15	UPREG	0.001530517083258691	0.001492769636300051	0.003172747947048295	EAR15 >= 0.00229577562489	1.0
S03	EAR16	UPREG	0.00023546416665518323	0.0002296568671230847	0.0013927187745641676	EAR16 >= 0.000353196249983	1.0
S03	EAR17	ACTIVATION_UPREG	0.0	0.0	6.461455041339335e-05	EAR17 >= 6.46145504134e-06	1.0
S03	EAR6	UPREG	0.0014127849999310993	0.0013779412027385102	0.0016363994044779255	EAR6 >= 0.00159167652357	1.0
S03	EAR7	UPREG	0.0014127849999310993	0.0013779412027385102	0.0016363994043921022	EAR7 >= 0.0015916765235	1.0
S03	EAR8	UPREG	0.0010595887499483243	0.0010334559020538814	0.0012919141037074629	EAR8 >= 0.00124544903296	1.0
S03	EAR9	ACTIVATION_UPREG	0.0	0.0	0.00019384365124018005	EAR9 >= 1.9384365124e-05	1.0
S03	EPS	ACTIVATION_UPREG	0.0	0.0	0.006461455043491376	EPS >= 0.000646145504349	1.0
S03	EPStex	ACTIVATION_UPREG	0.0	0.0	0.006461455041339332	EPStex >= 0.000646145504134	1.0
S03	EPStpp	ACTIVATION_UPREG	0.0	0.0	0.0064614550413393335	EPStpp >= 0.000646145504134	1.0
S03	FBA	ACTIVATION_UPREG	0.0	-999.9696844854094	6.25301774138516	FBA >= 0.625301774139	1.0
S03	FBA	ACTIVATION_UPREG	0.0	-999.9696844854094	6.25301774138516	FBA <= -99.9969684485	1.0
S03	FBA3	UPREG	-0.32261026690542993	-999.9359040182193	5.926032476279776	FBA3 <= -0.483915400358	1.0
S03	FBP	ACTIVATION_UPREG	0.0	0.0	1000.0	FBP >= 100	1.0
S03	FDH	ACTIVATION_UPREG	0.0	0.0	0.10991091146205778	FDH >= 0.0109910911462	1.0
S03	FE2tpp	ACTIVATION_UPREG	0.0	0.0	0.005370825515587824	FE2tpp >= 0.000537082551559	1.0
S03	FTHFD	ACTIVATION_UPREG	0.0	0.0	6.253017741490534	FTHFD >= 0.625301774149	1.0
S03	FTHFL	ACTIVATION_UPREG	0.0	0.0	1000.0	FTHFL >= 100	1.0
S03	FUM	UPREG	-0.043325566844281405	-999.3556156124647	-0.04206317612851845	FUM <= -0.0649883502664	1.0
S03	G1PTT	UPREG	0.002921677822986773	0.0028496199022619508	0.004658827314280272	G1PTT >= 0.00438251673448	1.0
S03	G6PDH2	ACTIVATION_UPREG	0.0	-0.36076573233220194	0.0	G6PDH2 <= -0.0360765732332	1.0
S03	GALU	ACTIVATION_UPREG	0.0	-6.76954828565731e-18	0.00032307275214711156	GALU >= 3.23072752147e-05	1.0
S03	GAP2	ACTIVATION_UPREG	0.0	-1000.0	999.9854331929998	GAP2 >= 99.9985433193	1.0
S03	GAP2	ACTIVATION_UPREG	0.0	-1000.0	999.9854331929998	GAP2 <= -100	1.0
S03	GAPD1	UPREG	1.0520875118084747	-30.39180750557394	1000.0	GAPD1 >= 1.57813126771	1.0
S03	GAPD2	UPREG	-1.5977518738010372	-1000.0	29.8349377725948	GAPD2 <= -2.3966278107	1.0
S03	GARFT	UPREG	0.022237908653699782	-999.9782347781677	0.022315595811177157	GARFT >= 0.0223000583797	1.0
S03	GART	UPREG	7.768715702567515e-05	0.0	1000.0	GART >= 0.000116530735539	1.0
S03	GFUCS	ACTIVATION_UPREG	0.0	0.0	0.0016476710363158716	GFUCS >= 0.000164767103632	1.0
S03	GHMT3	UPREG	0.10355521833854854	0.07536216179954654	0.21091212687017033	GHMT3 >= 0.155332827508	1.0
S03	GLBRAN1	UPREG	0.012013477890570612	0.011717187098116574	1000.0	GLBRAN1 >= 0.0180202168359	1.0
S03	GLCP	ACTIVATION_UPREG	0.0	0.0	1.0421696235701536	GLCP >= 0.104216962357	1.0
S03	GLCS1	UPREG	0.01201347789057061	0.011717187098116574	4.180395681424181	GLCS1 >= 0.0180202168359	1.0
S03	GLDBRAN2	ACTIVATION_UPREG	0.0	0.0	999.9882828129018	GLDBRAN2 >= 99.9988282813	1.0
S03	GLGC	UPREG	0.012013477890570612	0.011717187098116574	4.1803956814330485	GLGC >= 0.0180202168359	1.0
S03	GLNS	ACTIVATION_UPREG	0.0	0.0	3.126508870744648	GLNS >= 0.312650887074	1.0
S03	GLUSy	UPREG	0.730291792521747	0.6866414073149048	1000.0	GLUSy >= 1.09543768878	1.0
S03	GLXCL	UPREG	0.035848721109934374	0.008349668471176077	0.11090588291946096	GLXCL >= 0.0537730816649	1.0
S03	GLXR	ACTIVATION_UPREG	0.0	0.0	2.6054240588285826	GLXR >= 0.260542405883	1.0
S03	GLYCH	UPREG	0.07169744221986873	0.06797744415861146	2.6734015031021596	GLYCH >= 0.10754616333	1.0
S03	GLYCK	UPREG	0.035848721109934374	0.008349668470327644	0.11090588291331357	GLYCK >= 0.0537730816649	1.0
S03	GMAND	ACTIVATION_UPREG	0.0	0.0	0.0016476710359450177	GMAND >= 0.000164767103595	1.0
S03	GMPS2	UPREG	0.012984166904128512	0.01266393581564421	6.265681677306556	GMPS2 >= 0.0194762503562	1.0
S03	GSNK	UPREG	-0.8751591188100563	-1000.0	1000.0	GSNK <= -1.31273867822	1.0
S03	GUAD	ACTIVATION_UPREG	0.0	0.0	6.253017741559926	GUAD >= 0.625301774156	1.0
S03	GUAPRT	UPREG	-0.8751591188100563	-1000.0	1000.0	GUAPRT <= -1.31273867822	1.0
S03	H2Otex	UPREG	-65.69765417645759	-78.84169474232347	-63.01483867929084	H2Otex <= -76.2128866292	1.0
S03	H2Otpp	UPREG	-65.6976541764576	-78.84169474232903	-63.01483867966492	H2Otpp <= -76.2128866292	1.0
S03	H2tex	ACTIVATION_UPREG	0.0	0.0	0.5090100993229735	H2tex >= 0.0509010099323	1.0
S03	H2tpp	ACTIVATION_UPREG	0.0	-0.5090100993233977	0.0	H2tpp <= -0.0509010099323	1.0
S03	HCO3E	UPREG	0.07528853357607795	0.07050411282283074	0.14742127365051697	HCO3E >= 0.112932800364	1.0
S03	HCO3tex	UPREG	0.0758605602113353	0.0	0.07691716083021875	HCO3tex >= 0.0767058407064	1.0
S03	HCO3tpp	UPREG	0.0758605602113353	0.0	0.0769171608319014	HCO3tpp >= 0.0767058407078	1.0
S03	HMSK	UPREG	0.23565157691037533	0.17856154802077942	0.33975056670178777	HMSK >= 0.318930768744	1.0
S03	HSDy	UPREG	-0.2492684536500741	-0.35303160770413783	-0.1918425890241909	HSDy <= -0.332278976893	1.0
S03	HXPRT	ACTIVATION_UPREG	0.0	0.0	1000.0	HXPRT >= 100	1.0
S03	HYD1pp	ACTIVATION_UPREG	0.0	0.0	0.5090100993234675	HYD1pp >= 0.0509010099323	1.0
S03	HYD3pp	UPREG	0.4091911505206343	0.0	0.509010099323471	HYD3pp >= 0.489046309563	1.0
S03	HYD4	ACTIVATION_UPREG	0.0	0.0	0.10991091145895115	HYD4 >= 0.0109910911459	1.0
S03	Htex	UPREG	-127.2883742338757	-153.60131374172542	-122.33170201458937	Htex <= -148.33872584	1.0
S03	IMPD	ACTIVATION_UPREG	0.0	0.0	6.265681677308261	IMPD >= 0.626568167731	1.0
S03	INSK	UPREG	-0.04153555863858637	-1000.0	501.11511201034216	INSK <= -0.0623033379579	1.0
S03	IPDDI	ACTIVATION_UPREG	0.0	-2.242515872873064e-05	4.0044926302234465e-06	IPDDI >= 4.00449263022e-07	1.0
S03	IPDDI	ACTIVATION_UPREG	0.0	-2.242515872873064e-05	4.0044926302234465e-06	IPDDI <= -2.24251587287e-06	1.0
S03	IPDPS	UPREG	2.2425158732522196e-05	0.0	2.6429651359297503e-05	IPDPS >= 2.56287528339e-05	1.0
S03	MALS	ACTIVATION_UPREG	0.0	0.0	0.051278107223437105	MALS >= 0.00512781072234	1.0
S03	MAN1PT	UPREG	3.0754503399860775e-05	2.9995998971178436e-05	0.0017099743106047324	MAN1PT >= 4.61317550998e-05	1.0
S03	MAN6PI	UPREG	3.075450339986078e-05	2.999599897117844e-05	0.0017099743096263271	MAN6PI >= 4.61317550998e-05	1.0
S03	MCOATA	UPREG	0.10471427868536946	0.10213168962134997	0.11792348574655392	MCOATA >= 0.115281644334	1.0
S03	MDH	UPREG	0.043325566844281405	0.042063176129045816	999.3812546660773	MDH >= 0.0649883502664	1.0
S03	METAT	ACTIVATION_UPREG	0.0	0.0	2.084339247286957	METAT >= 0.208433924729	1.0
S03	MMCD	UPREG	0.0014127849999310996	0.001377941202745129	0.001636399404514707	MMCD >= 0.0015916765236	1.0
S03	MMM	UPREG	-0.0014127849999310996	-0.0016363994044720624	-0.0013779412027385112	MMM <= -0.00159167652356	1.0
S03	MTHFC	UPREG	0.06377506908933823	0.062202171886207296	0.17211308334697809	MTHFC >= 0.095662603634	1.0
S03	MTHFD1	UPREG	0.06377506908933825	-999.937797828123	0.17211308334697273	MTHFD1 >= 0.095662603634	1.0
S03	MTHFD2	ACTIVATION_UPREG	0.0	0.0	1000.0	MTHFD2 >= 100	1.0
S03	MTRG	ACTIVATION_UPREG	0.0	0.0	1.0421696235817115	MTRG >= 0.104216962358	1.0
S03	MTRP	ACTIVATION_UPREG	0.0	0.0	1.0421696235722346	MTRP >= 0.104216962357	1.0
S03	NADHI	UPREG	2.224164244261113	2.015474917848968	8.268492659308949	NADHI >= 3.33624636639	1.0
S03	NADK	UPREG	4.004492630177499e-06	3.905729032959616e-06	6.253021647284524	NADK >= 6.00673894527e-06	1.0
S03	NADPPPS	ACTIVATION_UPREG	0.0	0.0	6.253017741536176	NADPPPS >= 0.625301774154	1.0
S03	NADS1	ACTIVATION_UPREG	0.0	0.0	1.9221564572582926e-05	NADS1 >= 1.92215645726e-06	1.0
S03	NADTRHD	ACTIVATION_UPREG	0.0	0.0	31.26508870670938	NADTRHD >= 3.12650887067	1.0
S03	NDH2_NATIVE	ACTIVATION_UPREG	0.0	0.0	6.253017741338731	NDH2_NATIVE >= 0.625301774134	1.0
S03	NDPK1	UPREG	0.011252944650244874	0.01097541104017133	1000.0	NDPK1 >= 0.0168794169754	1.0
S03	NDPK2	UPREG	-0.8885390897657757	-999.9638259188453	0.02932762258582273	NDPK2 <= -1.33280863465	1.0
S03	NDPK3	UPREG	0.9238659228507876	0.005851250778476769	999.9982814792253	NDPK3 >= 1.38579888428	1.0
S03	NDPK4	UPREG	0.004123025612043835	0.004021338612073608	0.005830546023758881	NDPK4 >= 0.00548904194142	1.0
S03	NDPK7	UPREG	0.0017619767572836901	0.001718520774390431	0.0029940790497404654	NDPK7 >= 0.00264296513593	1.0
S03	NOX_NATIVE	ACTIVATION_UPREG	0.0	0.0	2.605424058868019	NOX_NATIVE >= 0.260542405887	1.0
S03	O2tex	UPREG	31.909522392217355	30.665270498357565	38.4815426751541	O2tex >= 37.1671386186	1.0
S03	O2tpp	UPREG	31.909522392217355	30.665270498266935	38.4815426751541	O2tpp >= 37.1671386186	1.0
S03	PAPSR	UPREG	0.013624885724959138	0.013288852460956053	3.139797723206342	PAPSR >= 0.0204373285874	1.0
S03	PDH	UPREG	0.060115443364317636	0.0	0.10991091145954954	PDH >= 0.0901731650465	1.0
S03	PFK	ACTIVATION_UPREG	0.0	0.0	6.2530177414899475	PFK >= 0.625301774149	1.0
S03	PGCD	ACTIVATION_UPREG	-1.4989805039625135e-14	0.0	0.025639053610271807	PGCD >= 0.00256390536103	1.0
S03	PGDH	ACTIVATION_UPREG	0.0	0.0	0.36076573233480336	PGDH >= 0.0360765732335	1.0
S03	PGI1	UPREG	0.48506484428644264	0.12466746066439817	0.485433192999621	PGI1 >= 0.485359523257	1.0
S03	PGK	UPREG	-0.5456643619925625	-0.5568697321173575	0.009008429101847832	PGK <= -0.554628658092	1.0
S03	PGL	ACTIVATION_UPREG	0.0	0.0	0.36076573233481213	PGL >= 0.0360765732335	1.0
S03	PGLYCP	UPREG	0.07169103503166044	0.06797119499536176	0.221805516656733	PGLYCP >= 0.107536552547	1.0
S03	PGMT	ACTIVATION_UPREG	0.0	-1000.0	999.9854331929998	PGMT >= 99.9985433193	1.0
S03	PGMT	ACTIVATION_UPREG	0.0	-1000.0	999.9854331929998	PGMT <= -100	1.0
S03	PGMT2	UPREG	-0.014935155713557396	-1000.0	999.9854331929995	PGMT2 <= -0.0224027335703	1.0
S03	PMANM	UPREG	3.075450339986078e-05	2.999599897388397e-05	0.0017099743101295537	PMANM >= 4.61317550998e-05	1.0
S03	PPA	UPREG	0.24662036276351504	0.24053791574893824	6.493555657240469	PPA >= 0.369930544145	1.0
S03	PPC	UPREG	0.43464634864330004	0.37264847215595903	0.5004446911743665	PPC >= 0.487285022668	1.0
S03	PRPPS	UPREG	0.0656245039656434	0.06400599378384739	3.190514864529489	PRPPS >= 0.0984367559485	1.0
S03	PRUK	UPREG	0.1508255307829403	0.14710569074614033	0.30094001240787654	PRUK >= 0.226238296174	1.0
S03	PSERT	ACTIVATION_UPREG	1.4989805039625135e-14	-0.02563905361030037	0.0	PSERT <= -0.00256390536103	1.0
S03	PSP_L	ACTIVATION_UPREG	-1.498980503962513e-14	0.0	0.025639053610289383	PSP_L >= 0.00256390536103	1.0
S03	PTPAT	UPREG	4.805391156214122e-06	4.686874839219258e-06	2.0843439340387158	PTPAT >= 7.20808673432e-06	1.0
S03	PUNP1	UPREG	0.028491324345005023	-999.2855699555436	2.112127884314914	PUNP1 >= 0.0427369865175	1.0
S03	PUNP2	UPREG	0.012984166904128512	-6.253017741521363	1000.0	PUNP2 >= 0.0194762503562	1.0
S03	PUNP3	UPREG	0.8751591188100563	-1000.0	999.9999999999998	PUNP3 >= 1.31273867822	1.0
S03	PYK	UPREG	0.31731359332059594	0.0	0.3607657323351887	PYK >= 0.352075304532	1.0
S03	RNDR3	UPREG	0.0017619767572836901	0.001718520774390431	0.0029940790497302826	RNDR3 >= 0.00264296513593	1.0
S03	RPE	UPREG	-0.1569828386511208	-0.2556673541480767	-0.15311113970862897	RPE <= -0.235474257977	1.0
S03	RPI	ACTIVATION_UPREG	0.0	0.0	0.05127810722582499	RPI >= 0.00512781072258	1.0
S03	RUBISCOX	UPREG	0.07169103503166045	0.06797119499487005	0.22180551666234888	RUBISCOX >= 0.107536552547	1.0
S03	SADT	UPREG	0.013624885724959138	0.013288852460877222	1000.0	SADT >= 0.0204373285874	1.0
S03	SBPASE	UPREG	-0.32261026690542993	-999.9359040182184	5.926032476172029	SBPASE <= -0.483915400358	1.0
S03	SFAT1	ACTIVATION_UPREG	0.0	0.0	999.986711147539	SFAT1 >= 99.9986711148	1.0
S03	SFAT2	ACTIVATION_UPREG	0.0	0.0	6.253017741608973	SFAT2 >= 0.625301774161	1.0
S03	SUCD	UPREG	0.0013943643338314962	0.0013599748491883762	0.0016371805501689779	SUCD >= 0.0015886173069	1.0
S03	TALA	UPREG	-0.3883270343812729	-1000.0	5.861936494340598	TALA <= -0.582490551572	1.0
S03	TDPDRE1	ACTIVATION_UPREG	0.0	0.0	0.0023882753130856655	TDPDRE1 >= 0.000238827531309	1.0
S03	TDPDRE2	UPREG	0.0013224436461940132	0.0	0.002388275313199813	TDPDRE2 >= 0.00198366546929	1.0
S03	TDPDRR	ACTIVATION_UPREG	0.0	0.0	0.00238827531313733	TDPDRR >= 0.000238827531314	1.0
S03	TDPGDH	UPREG	0.0013224436461940132	0.001289827955760672	0.0023882753131998133	TDPGDH >= 0.00198366546929	1.0
S03	THRS	UPREG	0.23565157691037533	0.17856154802133486	0.3397505666971978	THRS >= 0.31893076874	1.0
S03	TKT1	UPREG	-0.0913583346854774	-0.14038325314654657	-0.08910514591959616	TKT1 <= -0.137037502028	1.0
S03	TKT2	UPREG	0.0656245039656434	0.06400599378383945	0.11528410100442096	TKT2 >= 0.0984367559485	1.0
S03	TPI	UPREG	-0.314349799507873	-0.31892852729383603	0.0931153122615626	TPI <= -0.318012781737	1.0
S03	TRDR	UPREG	0.007667482128877776	0.007478377493501956	3.1339872482387965	TRDR >= 0.0115012231933	1.0
S03	TRSAR	UPREG	-0.035848721109934374	-0.11090588291158839	-0.008349668470355216	TRSAR <= -0.0537730816649	1.0
S03	UDPGD	ACTIVATION_UPREG	0.0	8.494607086767006e-18	0.0003230727521460243	UDPGD >= 3.23072752146e-05	1.0
S03	UGDC	ACTIVATION_UPREG	0.0	0.0	6.461455042922827e-05	UGDC >= 6.46145504292e-06	1.0
S03	UPPRT	UPREG	0.91663461005919	0.0	1000.0	UPPRT >= 1.37495191509	1.0
S03	URIDK	UPREG	-0.889965970579765	-999.9652176082129	0.02666863947942834	URIDK <= -1.33494895587	1.0
S03	URIK1	ACTIVATION_UPREG	0.0	0.0	1000.0	URIK1 >= 100	1.0
S03	URIK2	ACTIVATION_UPREG	0.0	0.0	999.9890245889598	URIK2 >= 99.9989024589	1.0
S03	URIP	UPREG	-0.9166346100591899	-999.9999999999999	5.572576957075687e-17	URIP <= -1.37495191509	1.0
S03	XPPT	UPREG	0.012984166904128512	0.0	6.265681677307156	XPPT >= 0.0194762503562	1.0
