reaction_id	net_cycle
ACCOAC+BIOC1+BIOC2	NET ZERO
FBP+FBA+FBA3+TALA+SBPASE	NET ZERO (CBB alternate loop)
FTHFL	member of internal cycle (find_cyclic_reactions)
INSK	member of internal cycle (find_cyclic_reactions)
ACCOAC	member of internal cycle (find_cyclic_reactions)
BIOC1	member of internal cycle (find_cyclic_reactions)
BIOC2	member of internal cycle (find_cyclic_reactions)
SADT	member of internal cycle (find_cyclic_reactions)
PUNP2	member of internal cycle (find_cyclic_reactions)
PUNP3	member of internal cycle (find_cyclic_reactions)
FBA	member of internal cycle (find_cyclic_reactions)
FBA3	member of internal cycle (find_cyclic_reactions)
DGPE	member of internal cycle (find_cyclic_reactions)
GLBRAN1	member of internal cycle (find_cyclic_reactions)
GLDBRAN2	member of internal cycle (find_cyclic_reactions)
FBP	member of internal cycle (find_cyclic_reactions)
GSNK	member of internal cycle (find_cyclic_reactions)
HXPRT	member of internal cycle (find_cyclic_reactions)
GUAPRT	member of internal cycle (find_cyclic_reactions)
NDPK1	member of internal cycle (find_cyclic_reactions)
PGMT	member of internal cycle (find_cyclic_reactions)
PGMT2	member of internal cycle (find_cyclic_reactions)
GARFT	member of internal cycle (find_cyclic_reactions)
GART	member of internal cycle (find_cyclic_reactions)
UPPRT	member of internal cycle (find_cyclic_reactions)
SFAT1	member of internal cycle (find_cyclic_reactions)
SBPASE	member of internal cycle (find_cyclic_reactions)
GAP2	member of internal cycle (find_cyclic_reactions)
TALA	member of internal cycle (find_cyclic_reactions)
URIK1	member of internal cycle (find_cyclic_reactions)
URIK2	member of internal cycle (find_cyclic_reactions)
URIP	member of internal cycle (find_cyclic_reactions)
