condition	perturbation	growth	NADTRHD	GAPD1	GAPD2	top_nadh	top_nadph
FIM	GAPD1	0.05207638710273863	4.4689	0.0	3.7415	NADHI:5.21;PDH:0.16;PGCD:0.06	NADTRHD:4.47;ICDHyr:0.06;ASAD:-0.06
FIM	NADTRHD	0.05207638710273986	0.0	7.3786	0.0	NADHI:5.21;FDH:1.45;PGCD:0.79	MTHFD1:1.5;ICDHyr:0.06;ASAD:-0.06
FIM	MDH	0.009784337175336992	1.0449	4.4248	0.0	NADHI:5.16;PDH:0.51;PGCD:0.01	NADTRHD:1.04;MTHFD1:0.01;ICDHyr:0.01
FIM	PPC	0.05207638710273937	0.7274	4.1365	0.0	NADHI:5.21;PDH:0.32;MDH:0.19	NADTRHD:0.73;ICDHyr:0.06;ASAD:-0.06
FIM	G6PDH2	0.05207638710273929	0.7274	3.7415	0.0	NADHI:5.21;PDH:0.16;PGCD:0.06	NADTRHD:0.73;ICDHyr:0.06;ASAD:-0.06
TTM	GAPD1	0.05207638710273982	4.4689	0.0	3.7415	NADHI:5.21;PDH:0.16;PGCD:0.06	NADTRHD:4.47;ICDHyr:0.06;ASAD:-0.06
TTM	NADTRHD	0.05207638710273867	0.0	7.3786	0.0	NADHI:5.21;FDH:1.45;PGCD:0.79	MTHFD1:1.5;ICDHyr:0.06;ASAD:-0.06
TTM	MDH	0.009784337175379755	1.0449	4.4248	0.0	NADHI:5.16;PDH:0.51;PGCD:0.01	NADTRHD:1.04;MTHFD1:0.01;ICDHyr:0.01
TTM	PPC	0.0520763871027393	0.7274	4.1365	0.0	NADHI:5.21;PDH:0.32;MDH:0.19	NADTRHD:0.73;ICDHyr:0.06;ASAD:-0.06
TTM	G6PDH2	0.0520763871027393	0.7274	3.7415	0.0	NADHI:5.21;PDH:0.16;PGCD:0.06	NADTRHD:0.73;ICDHyr:0.06;ASAD:-0.06
TSM	GAPD1	0.052076387102739805	4.4689	0.0	3.7415	NADHI:5.21;PDH:0.16;PGCD:0.06	NADTRHD:4.47;ICDHyr:0.06;ASAD:-0.06
TSM	NADTRHD	0.05207638710273867	0.0	7.3786	0.0	NADHI:5.21;FDH:1.45;PGCD:0.79	MTHFD1:1.5;ICDHyr:0.06;ASAD:-0.06
TSM	MDH	0.009784337175379746	1.0449	4.4248	0.0	NADHI:5.16;PDH:0.51;PGCD:0.01	NADTRHD:1.04;MTHFD1:0.01;ICDHyr:0.01
TSM	PPC	0.0520763871027393	0.7274	4.1365	0.0	NADHI:5.21;PDH:0.32;MDH:0.19	NADTRHD:0.73;ICDHyr:0.06;ASAD:-0.06
TSM	G6PDH2	0.0520763871027393	0.7274	3.7415	0.0	NADHI:5.21;PDH:0.16;PGCD:0.06	NADTRHD:0.73;ICDHyr:0.06;ASAD:-0.06
