reaction	FIM	TTM	TSM
3OAR17	MUST-ON	MUST-ON	MUST-ON
3OAS14	MUST-ON	MUST-ON	MUST-ON
4THASE2		STRONG_RANGE_SHIFT	STRONG_RANGE_SHIFT
ACGS	STRONG_RANGE_SHIFT	STRONG_RANGE_SHIFT	STRONG_RANGE_SHIFT
ACODA	STRONG_RANGE_SHIFT	STRONG_RANGE_SHIFT	STRONG_RANGE_SHIFT
ACPS1	STRONG_RANGE_SHIFT	STRONG_RANGE_SHIFT	STRONG_RANGE_SHIFT
ACPpds	STRONG_RANGE_SHIFT	STRONG_RANGE_SHIFT	STRONG_RANGE_SHIFT
ACS	STRONG_RANGE_SHIFT	STRONG_RANGE_SHIFT	STRONG_RANGE_SHIFT
ADA	STRONG_RANGE_SHIFT	STRONG_RANGE_SHIFT	STRONG_RANGE_SHIFT
ADK1	STRONG_RANGE_SHIFT	STRONG_RANGE_SHIFT	STRONG_RANGE_SHIFT
ADNSE	STRONG_RANGE_SHIFT	STRONG_RANGE_SHIFT	STRONG_RANGE_SHIFT
ADPT	STRONG_RANGE_SHIFT	STRONG_RANGE_SHIFT	STRONG_RANGE_SHIFT
ADSK	STRONG_RANGE_SHIFT	STRONG_RANGE_SHIFT	STRONG_RANGE_SHIFT
ADSL1	STRONG_RANGE_SHIFT	STRONG_RANGE_SHIFT	STRONG_RANGE_SHIFT
ADSR	STRONG_RANGE_SHIFT	STRONG_RANGE_SHIFT	STRONG_RANGE_SHIFT
ADSS	STRONG_RANGE_SHIFT	STRONG_RANGE_SHIFT	STRONG_RANGE_SHIFT
ALDEP	STRONG_RANGE_SHIFT	STRONG_RANGE_SHIFT	STRONG_RANGE_SHIFT
AMALT1	STRONG_RANGE_SHIFT	STRONG_RANGE_SHIFT	STRONG_RANGE_SHIFT
AMPN	STRONG_RANGE_SHIFT	STRONG_RANGE_SHIFT	STRONG_RANGE_SHIFT
ASPTA	STRONG_RANGE_SHIFT	STRONG_RANGE_SHIFT	STRONG_RANGE_SHIFT
ATPS5rpp	STRONG_RANGE_SHIFT	STRONG_RANGE_SHIFT	STRONG_RANGE_SHIFT
BDGK	STRONG_RANGE_SHIFT	STRONG_RANGE_SHIFT	STRONG_RANGE_SHIFT
BHAH17	MUST-ON	MUST-ON	MUST-ON
BPNT	STRONG_RANGE_SHIFT	STRONG_RANGE_SHIFT	STRONG_RANGE_SHIFT
CAT	STRONG_RANGE_SHIFT	STRONG_RANGE_SHIFT	STRONG_RANGE_SHIFT
CPPPGO2	MUST-ON	MUST-ON	MUST-ON
CTPS2	STRONG_RANGE_SHIFT	STRONG_RANGE_SHIFT	STRONG_RANGE_SHIFT
CYT1	STRONG_RANGE_SHIFT		
CYT2	STRONG_RANGE_SHIFT		
CYTA2	STRONG_RANGE_SHIFT		
CYTAA31	STRONG_RANGE_SHIFT		
CYTAA32	STRONG_RANGE_SHIFT	STRONG_RANGE_SHIFT	STRONG_RANGE_SHIFT
CYTBC1	STRONG_RANGE_SHIFT		
CYTBD	STRONG_RANGE_SHIFT	STRONG_RANGE_SHIFT	STRONG_RANGE_SHIFT
CYTBO3	STRONG_RANGE_SHIFT	STRONG_RANGE_SHIFT	STRONG_RANGE_SHIFT
CYTD	STRONG_RANGE_SHIFT	STRONG_RANGE_SHIFT	STRONG_RANGE_SHIFT
CYTDK1	STRONG_RANGE_SHIFT	STRONG_RANGE_SHIFT	STRONG_RANGE_SHIFT
CYTDK2	STRONG_RANGE_SHIFT	STRONG_RANGE_SHIFT	STRONG_RANGE_SHIFT
CYTK1	STRONG_RANGE_SHIFT	STRONG_RANGE_SHIFT	STRONG_RANGE_SHIFT
CYTRED	STRONG_RANGE_SHIFT	STRONG_RANGE_SHIFT	STRONG_RANGE_SHIFT
DPCOAK	STRONG_RANGE_SHIFT	STRONG_RANGE_SHIFT	STRONG_RANGE_SHIFT
EAR17	MUST-ON	MUST-ON	MUST-ON
EAR9	MUST-ON	MUST-ON	MUST-ON
EPS	MUST-ON	MUST-ON	MUST-ON
EPStex	MUST-ON	MUST-ON	MUST-ON
EPStpp	MUST-ON	MUST-ON	MUST-ON
Ex_eps_AFE[e]	MUST-ON	MUST-ON	MUST-ON
Ex_fe2[e]	STRONG_RANGE_SHIFT		
Ex_fe3[e]	STRONG_RANGE_SHIFT		
Ex_glc-B[e]	MUST-ON	MUST-ON	MUST-ON
Ex_h2[e]	STRONG_RANGE_SHIFT		
Ex_h2co3[e]	MUST-UP	MUST-UP	MUST-UP
Ex_h2o[e]	STRONG_RANGE_SHIFT	STRONG_RANGE_SHIFT	STRONG_RANGE_SHIFT
Ex_h[e]	STRONG_RANGE_SHIFT	STRONG_RANGE_SHIFT	STRONG_RANGE_SHIFT
Ex_o2[e]	STRONG_RANGE_SHIFT	STRONG_RANGE_SHIFT	STRONG_RANGE_SHIFT
Ex_so4[e]		STRONG_RANGE_SHIFT	STRONG_RANGE_SHIFT
Ex_tsul[e]			STRONG_RANGE_SHIFT
Ex_ttton[e]		STRONG_RANGE_SHIFT	
FBA	STRONG_RANGE_SHIFT	STRONG_RANGE_SHIFT	STRONG_RANGE_SHIFT
FBA3	STRONG_RANGE_SHIFT	STRONG_RANGE_SHIFT	STRONG_RANGE_SHIFT
FDH	STRONG_RANGE_SHIFT	STRONG_RANGE_SHIFT	STRONG_RANGE_SHIFT
FTHFD	STRONG_RANGE_SHIFT	STRONG_RANGE_SHIFT	STRONG_RANGE_SHIFT
FUM	STRONG_RANGE_SHIFT	STRONG_RANGE_SHIFT	STRONG_RANGE_SHIFT
GALU	MUST-ON	MUST-ON	MUST-ON
GAPD1	STRONG_RANGE_SHIFT	STRONG_RANGE_SHIFT	STRONG_RANGE_SHIFT
GAPD2	STRONG_RANGE_SHIFT	STRONG_RANGE_SHIFT	STRONG_RANGE_SHIFT
GFUCS	MUST-ON	MUST-ON	MUST-ON
GHMT2	STRONG_RANGE_SHIFT	STRONG_RANGE_SHIFT	STRONG_RANGE_SHIFT
GHMT3	STRONG_RANGE_SHIFT	STRONG_RANGE_SHIFT	STRONG_RANGE_SHIFT
GLAT	STRONG_RANGE_SHIFT	STRONG_RANGE_SHIFT	STRONG_RANGE_SHIFT
GLCP	STRONG_RANGE_SHIFT	STRONG_RANGE_SHIFT	STRONG_RANGE_SHIFT
GLCS1	STRONG_RANGE_SHIFT	STRONG_RANGE_SHIFT	STRONG_RANGE_SHIFT
GLCtex	MUST-ON	MUST-ON	MUST-ON
GLCtpp	MUST-ON	MUST-ON	MUST-ON
GLGC	STRONG_RANGE_SHIFT	STRONG_RANGE_SHIFT	STRONG_RANGE_SHIFT
GLNS	STRONG_RANGE_SHIFT	STRONG_RANGE_SHIFT	STRONG_RANGE_SHIFT
GLUSy	STRONG_RANGE_SHIFT	STRONG_RANGE_SHIFT	STRONG_RANGE_SHIFT
GLXCL	STRONG_RANGE_SHIFT	STRONG_RANGE_SHIFT	STRONG_RANGE_SHIFT
GLXR	STRONG_RANGE_SHIFT	STRONG_RANGE_SHIFT	STRONG_RANGE_SHIFT
GLYCH	STRONG_RANGE_SHIFT	STRONG_RANGE_SHIFT	STRONG_RANGE_SHIFT
GLYCK	STRONG_RANGE_SHIFT	STRONG_RANGE_SHIFT	STRONG_RANGE_SHIFT
GMAND	MUST-ON	MUST-ON	MUST-ON
GMPS2	STRONG_RANGE_SHIFT	STRONG_RANGE_SHIFT	STRONG_RANGE_SHIFT
GUAD	STRONG_RANGE_SHIFT	STRONG_RANGE_SHIFT	STRONG_RANGE_SHIFT
H2Otex	STRONG_RANGE_SHIFT	STRONG_RANGE_SHIFT	STRONG_RANGE_SHIFT
H2Otpp	STRONG_RANGE_SHIFT	STRONG_RANGE_SHIFT	STRONG_RANGE_SHIFT
H2tex	STRONG_RANGE_SHIFT		
H2tpp	STRONG_RANGE_SHIFT	STRONG_RANGE_SHIFT	STRONG_RANGE_SHIFT
HCO3E	MUST-UP	MUST-UP	MUST-UP
HCO3tex	MUST-DOWN	MUST-DOWN	MUST-DOWN
HCO3tpp	MUST-DOWN	MUST-DOWN	MUST-DOWN
HCYSMT	STRONG_RANGE_SHIFT	STRONG_RANGE_SHIFT	STRONG_RANGE_SHIFT
HXAND	STRONG_RANGE_SHIFT	STRONG_RANGE_SHIFT	STRONG_RANGE_SHIFT
HYD1pp	STRONG_RANGE_SHIFT	STRONG_RANGE_SHIFT	STRONG_RANGE_SHIFT
HYD3pp	STRONG_RANGE_SHIFT	STRONG_RANGE_SHIFT	STRONG_RANGE_SHIFT
HYD4	STRONG_RANGE_SHIFT	STRONG_RANGE_SHIFT	STRONG_RANGE_SHIFT
Htex	STRONG_RANGE_SHIFT	STRONG_RANGE_SHIFT	STRONG_RANGE_SHIFT
IMPD	STRONG_RANGE_SHIFT	STRONG_RANGE_SHIFT	STRONG_RANGE_SHIFT
INSK	STRONG_RANGE_SHIFT	STRONG_RANGE_SHIFT	STRONG_RANGE_SHIFT
MDH	STRONG_RANGE_SHIFT	STRONG_RANGE_SHIFT	STRONG_RANGE_SHIFT
METAT	STRONG_RANGE_SHIFT	STRONG_RANGE_SHIFT	STRONG_RANGE_SHIFT
MTHFC	STRONG_RANGE_SHIFT	STRONG_RANGE_SHIFT	STRONG_RANGE_SHIFT
MTHFD1	STRONG_RANGE_SHIFT	STRONG_RANGE_SHIFT	STRONG_RANGE_SHIFT
MTHFD2	STRONG_RANGE_SHIFT	STRONG_RANGE_SHIFT	STRONG_RANGE_SHIFT
MTRG	STRONG_RANGE_SHIFT	STRONG_RANGE_SHIFT	STRONG_RANGE_SHIFT
MTRP	STRONG_RANGE_SHIFT	STRONG_RANGE_SHIFT	STRONG_RANGE_SHIFT
NADHI	STRONG_RANGE_SHIFT	STRONG_RANGE_SHIFT	STRONG_RANGE_SHIFT
NADK	STRONG_RANGE_SHIFT	STRONG_RANGE_SHIFT	STRONG_RANGE_SHIFT
NADPPPS	STRONG_RANGE_SHIFT	STRONG_RANGE_SHIFT	STRONG_RANGE_SHIFT
NADTRHD	STRONG_RANGE_SHIFT	STRONG_RANGE_SHIFT	STRONG_RANGE_SHIFT
NDPK2	STRONG_RANGE_SHIFT	STRONG_RANGE_SHIFT	STRONG_RANGE_SHIFT
NDPK3	STRONG_RANGE_SHIFT	STRONG_RANGE_SHIFT	STRONG_RANGE_SHIFT
O2tex	STRONG_RANGE_SHIFT	STRONG_RANGE_SHIFT	STRONG_RANGE_SHIFT
O2tpp	STRONG_RANGE_SHIFT	STRONG_RANGE_SHIFT	STRONG_RANGE_SHIFT
OPHHX	MUST-ON	MUST-ON	MUST-ON
PAPSR	STRONG_RANGE_SHIFT	STRONG_RANGE_SHIFT	STRONG_RANGE_SHIFT
PFK	STRONG_RANGE_SHIFT	STRONG_RANGE_SHIFT	STRONG_RANGE_SHIFT
PGCD	STRONG_RANGE_SHIFT	STRONG_RANGE_SHIFT	STRONG_RANGE_SHIFT
PGI1	MUST-UP	MUST-UP	MUST-UP
PGK	STRONG_RANGE_SHIFT	STRONG_RANGE_SHIFT	STRONG_RANGE_SHIFT
PGLYCP	STRONG_RANGE_SHIFT	STRONG_RANGE_SHIFT	STRONG_RANGE_SHIFT
PPA	STRONG_RANGE_SHIFT	STRONG_RANGE_SHIFT	STRONG_RANGE_SHIFT
PRPPS	STRONG_RANGE_SHIFT	STRONG_RANGE_SHIFT	STRONG_RANGE_SHIFT
PRUK	STRONG_RANGE_SHIFT	STRONG_RANGE_SHIFT	STRONG_RANGE_SHIFT
PSERT	STRONG_RANGE_SHIFT	STRONG_RANGE_SHIFT	STRONG_RANGE_SHIFT
PSP_L	STRONG_RANGE_SHIFT	STRONG_RANGE_SHIFT	STRONG_RANGE_SHIFT
PTPAT	STRONG_RANGE_SHIFT	STRONG_RANGE_SHIFT	STRONG_RANGE_SHIFT
PUNP1	STRONG_RANGE_SHIFT	STRONG_RANGE_SHIFT	STRONG_RANGE_SHIFT
PUNP2	STRONG_RANGE_SHIFT	STRONG_RANGE_SHIFT	STRONG_RANGE_SHIFT
RPE	STRONG_RANGE_SHIFT	STRONG_RANGE_SHIFT	STRONG_RANGE_SHIFT
RPI	STRONG_RANGE_SHIFT	STRONG_RANGE_SHIFT	STRONG_RANGE_SHIFT
RUBISCO	STRONG_RANGE_SHIFT	STRONG_RANGE_SHIFT	STRONG_RANGE_SHIFT
RUBISCOX	STRONG_RANGE_SHIFT	STRONG_RANGE_SHIFT	STRONG_RANGE_SHIFT
SBPASE	STRONG_RANGE_SHIFT	STRONG_RANGE_SHIFT	STRONG_RANGE_SHIFT
SFAT2	STRONG_RANGE_SHIFT	STRONG_RANGE_SHIFT	STRONG_RANGE_SHIFT
SO4tex		STRONG_RANGE_SHIFT	STRONG_RANGE_SHIFT
TALA	STRONG_RANGE_SHIFT	STRONG_RANGE_SHIFT	STRONG_RANGE_SHIFT
TKT1	STRONG_RANGE_SHIFT	STRONG_RANGE_SHIFT	STRONG_RANGE_SHIFT
TKT2	STRONG_RANGE_SHIFT	STRONG_RANGE_SHIFT	STRONG_RANGE_SHIFT
TPI	STRONG_RANGE_SHIFT	STRONG_RANGE_SHIFT	STRONG_RANGE_SHIFT
TRDR	STRONG_RANGE_SHIFT	STRONG_RANGE_SHIFT	STRONG_RANGE_SHIFT
TRSAR	STRONG_RANGE_SHIFT	STRONG_RANGE_SHIFT	STRONG_RANGE_SHIFT
TSQOC		STRONG_RANGE_SHIFT	STRONG_RANGE_SHIFT
TSULtex			STRONG_RANGE_SHIFT
TTTONtex		STRONG_RANGE_SHIFT	
UDDS	MUST-ON	MUST-ON	MUST-ON
UDPGD	MUST-ON	MUST-ON	MUST-ON
UGDC	MUST-ON	MUST-ON	MUST-ON
URIDK	STRONG_RANGE_SHIFT	STRONG_RANGE_SHIFT	STRONG_RANGE_SHIFT
XPPT	STRONG_RANGE_SHIFT	STRONG_RANGE_SHIFT	STRONG_RANGE_SHIFT
