reaction	min	max
Ex_glc-B[e]	-1.0	-0.083333
GLCtex	0.083333	1.0
GLCtpp	0.083333	1.0
BDGK	0.083333	6.868206
PGI1	0.073622	0.920504
PFK	0.0	19.604618
FBA	-1000.0	19.604618
GAPD1	0.0	19.739764
GAPD2	0.0	16.900533
PGK	0.0	19.739764
PGM1	0.52764	2.118217
ENO	0.52764	2.118217
PYK	0.33091	2.064284
PDH	0.163673	1.897048
G6PDH2	0.0	-0.0
PGL	-0.0	-0.0
PGDH	0.0	-0.0
DDGPA	-0.0	-0.0
TKT1	-4.081606	-0.125035
TKT2	0.108302	4.064873
TALA	-1000.0	19.418147
RPI	0.065631	4.022202
RPE	-8.146478	-0.233337
PRUK	0.294965	12.164677
RUBISCO	0.217405	12.164677
RUBISCOX	0.0	1.696821
PPC	0.0	0.378745
CS	0.05733	0.137399
ACONT1	0.05733	0.137399
ICDHyr	0.05733	0.137399
SUCOAS	0.019458	0.049625
SUCD	0.000907	0.023904
FUM	-98.051262	-0.010932
MDH	0.010932	98.102968
MALS	0.0	0.374823
ACS	0.009609	9.811918
NADTRHD	0.0	98.69882
NADHI	1.207708	10.194108
CYT2	74.025867	99.532667
CYT1	61.80844	92.776455
CYTA2	0.941642	19.792237
CYTAA31	61.80844	92.776455
CYTBC1	0.941642	19.792237
ATPS5rpp	15.342481	35.082944
Htpp	0.0	0.0
FDH	0.0	7.999319
HYD3pp	0.0	6.71713
Ex_fe2[e]	-199.068826	-148.058069
Ex_ttton[e]	0.0	0.0
Ex_tsul[e]	0.0	-0.0
Ex_o2[e]	-46.396082	-34.911731
Ex_h2co3[e]	-1.5	0.0
Ex_h[e]	-186.107824	-123.700596
Ex_n2[e]	-0.637658	-0.266066
