condition	reaction	min	max
FIM	4THASE1	0.0	-0.0
FIM	4THASE2	0.0	-0.0
FIM	5OXOP	-0.0	-0.0
FIM	ACODA	-0.0	83.549103
FIM	ADMDC	3.8e-05	3.8e-05
FIM	ASPK	0.056035	0.056035
FIM	FDH	0.0	66.897478
FIM	DDPA	0.016672	0.016672
FIM	SDPTA	-0.018539	-0.018539
FIM	ANSYN	-0.0	-0.0
FIM	A5PISO	0.003999	0.003999
FIM	ARGDC	-0.0	-0.0
FIM	ATPM	3.475	3.475
FIM	ATPS5rpp	20.750614	187.995006
FIM	Afe_biomass_mc507_WT_139p0M	0.052076	0.052076
FIM	CHRPL	1e-06	1e-06
FIM	CYTDK1	0.0	836.025562
FIM	CYTRED	-0.0	160.671353
FIM	DNMPPA	4e-06	4e-06
FIM	SHCHD2	1e-06	1e-06
FIM	EPS	0.0	-0.0
FIM	FA_PL-ACP-AFE	0.007655	0.007655
FIM	FTHFL	0.0	1000.0
FIM	DNTPPA	4e-06	4e-06
FIM	HISTP	0.012498	0.012498
FIM	INSK	-1000.0	515.711868
FIM	IPDDI	-1.5e-05	3e-06
FIM	LPS	0.00125	0.00125
FIM	MNTH	0.0	0.003492
FIM	NADHI	5.207708	81.161438
FIM	PL-AFE	0.003645	0.003645
FIM	PYDXK1	-0.0	-0.0
FIM	PHSTG1	-0.0	-0.0
FIM	PHSTG2	-0.0	-0.0
FIM	LIPA	0.002	0.002
FIM	RIBPH	2e-06	2e-06
FIM	THFAT	-0.0	-0.0
FIM	PYRDB	1e-06	1e-06
FIM	UDCPDPS	-0.0	-0.0
FIM	OMCDC	0.026559	0.026559
FIM	G5SADs	0.014061	0.014061
FIM	RUBISCO	2.165698	102.511914
FIM	RUBISCOX	0.0	14.281898
FIM	SHKK	0.016672	0.016672
FIM	BIOMASStpp	0.052076	0.052076
FIM	BIOMASStex	0.052076	0.052076
FIM	CA2tex	0.004531	0.004531
FIM	CA2tpp	0.004531	0.004531
FIM	CU2tex	5.2e-05	5.2e-05
FIM	CU2tpp	5.2e-05	5.2e-05
FIM	EPStpp	-0.0	-0.0
FIM	EPStex	-0.0	-0.0
FIM	FE2tex	0.003492	0.003492
FIM	H2tex	-0.0	34.299694
FIM	HCO3tex	2.0	2.0
FIM	HCO3tpp	2.0	2.0
FIM	H2Otex	-500.195186	-82.449669
FIM	H2Otpp	-500.195186	-82.449669
FIM	H2Stex	-0.0	-0.0
FIM	H2Stpp	-0.0	-0.0
FIM	H2tpp	-54.215645	-0.0
FIM	TMDS	0.000801	0.000801
FIM	Ktex	0.002396	0.002396
FIM	Ktpp	0.002396	0.002396
FIM	MG2tex	0.012498	0.012498
FIM	MG2tpp	0.012498	0.012498
FIM	MN2tex	0.001562	0.001562
FIM	MN2tpp	0.001562	0.001562
FIM	4HBAtpp	1e-06	1e-06
FIM	4HBAtex	1e-06	1e-06
FIM	N2tex	0.266066	0.266066
FIM	N2tpp	0.266066	0.266066
FIM	NH4tex	-0.0	-0.0
FIM	NA1tex	0.00276	0.00276
FIM	NA1tpp	0.007291	0.007291
FIM	O2tex	38.663402	247.53616
FIM	O2tpp	38.663402	247.53616
FIM	Pitex	-0.035527	-0.035527
FIM	PPTtex	-0.0	-0.0
FIM	SO4tex	-0.0	-0.0
FIM	Stex	-0.0	-0.0
FIM	TTTONtex	-0.0	-0.0
FIM	TSULtex	-0.0	-0.0
FIM	ZN2tex	0.000104	0.000104
FIM	ZN2tpp	0.000104	0.000104
FIM	Htpp	0.0	0.0
FIM	Htex	-990.19694	-154.705905
FIM	UPP3S	3e-06	3e-06
FIM	VALTA1	0.037754	0.037754
FIM	CYTAA31	77.311094	495.056611
FIM	CYTAA32	0.0	160.671353
FIM	ACCOAC	-999.931912	0.068088
FIM	BIOC1	-0.0	1000.0
FIM	BIOC2	0.0	1000.0
FIM	ACONT1	0.05733	0.05733
FIM	ACONT2	0.05733	0.05733
FIM	ACPS1	-0.0	55.699402
FIM	ACS	0.009609	83.558713
FIM	ADA	-0.018565	835.47247
FIM	DADA	0.0	-0.0
FIM	ADK1	0.116833	167.21504
FIM	ADPT	-83.567667	835.472471
FIM	ADNSE	-3.9e-05	55.699363
FIM	GCALDD	4e-06	4e-06
FIM	ALAR	0.002031	0.002031
FIM	AMPN	0.0	83.549103
FIM	NH4pp	0.0	0.0
FIM	ACGS	0.0	83.549103
FIM	ACGK	0.014806	0.014806
FIM	AGPR	-0.014806	-0.014806
FIM	ACOTA	-0.014806	-0.014806
FIM	OCBT	0.014581	0.014581
FIM	ARGSS	0.014581	0.014581
FIM	ARGSL	0.014581	0.014581
FIM	GLAT	-83.534298	0.014806
FIM	PSCVT	0.016672	0.016672
FIM	DHQS	0.016672	0.016672
FIM	CHORS	0.016672	0.016672
FIM	SHK3D	-0.016672	-0.016672
FIM	DHQT	0.016672	0.016672
FIM	ASAD	-0.056035	-0.056035
FIM	ASNS1	0.014061	0.014061
FIM	ASPTA	-835.619909	-0.128874
FIM	TYRTA	0.007292	0.007292
FIM	ADSR	0.0	75.95373
FIM	UDCPDP	0.001354	0.001354
FIM	CYTBC1	4.941642	165.612995
FIM	CYTBD	0.0	160.671353
FIM	AMAOT	-0.0	-0.0
FIM	BTS5	0.0	-0.0
FIM	DBTS	-0.0	-0.0
FIM	AOXS	-0.0	-0.0
FIM	BILG	0.0	-0.0
FIM	CYTBO3	0.0	160.671353
FIM	CBPS	0.030193	0.030193
FIM	CAT	0.007812	32.142083
FIM	PRUK	2.165698	102.511914
FIM	CYTD	-836.025562	-0.0
FIM	DCYTD	0.0	-0.0
FIM	PCYT	0.003828	0.003828
FIM	CFAS190	0.000536	0.000536
FIM	CS	0.05733	0.05733
FIM	CLPNS120	0.000182	0.000182
FIM	CYTK2	-0.0	-0.0
FIM	CYTK1	0.005848	836.03141
FIM	PNTK	3e-06	3e-06
FIM	PTPAT	3e-06	55.699405
FIM	DPCOAK	3e-06	55.699405
FIM	UPP3MT1	1e-06	1e-06
FIM	UPP3MT2	1e-06	1e-06
FIM	CSND	0.0	-0.0
FIM	MAN1PT	2e-05	2e-05
FIM	PMANM	2e-05	2e-05
FIM	CYT1	77.311094	495.056611
FIM	CYT2	82.252736	499.998254
FIM	CYTA2	4.941642	165.612995
FIM	HCO3E	-1.901719	-1.901719
FIM	PHFT	1e-06	1e-06
FIM	ADSK	0.008859	75.96259
FIM	SADT	0.008859	1000.0
FIM	SERAT	5e-06	5e-06
FIM	SHBI	1e-06	1e-06
FIM	PAPSR	0.008859	75.96259
FIM	SULR2	-0.008859	-0.008859
FIM	CYSS	5e-06	5e-06
FIM	BPNT	0.008859	75.96259
FIM	SO41tpp	-0.0	0.0
FIM	SO4AA1tpp	0.013546	0.013546
FIM	MCTP1A	0.000677	0.000677
FIM	DHDPS	0.018539	0.018539
FIM	DHDPRy	-0.018539	-0.018539
FIM	THDPS	0.018539	0.018539
FIM	SDPDS	0.018539	0.018539
FIM	DAPE	0.018539	0.018539
FIM	DCTPD	0.0	0.000801
FIM	ALAALAr	0.001354	0.001354
FIM	PUNP1	-835.472509	55.717928
FIM	PUNP2	-167.098207	1000.0
FIM	PUNP3	-1000.0	1000.0
FIM	PUNP4	-0.0	-0.0
FIM	PPCDC	3e-06	3e-06
FIM	PPNCL2	3e-06	3e-06
FIM	NTPTP1	0.0	-0.0
FIM	DUTPDP	0.000801	0.000801
FIM	DOXRI	-1.7e-05	-1.7e-05
FIM	DOXS	1.9e-05	1.9e-05
FIM	DDGPA	-0.0	-0.0
FIM	PGDH	0.0	-0.0
FIM	MTROI	3.8e-05	3.8e-05
FIM	ENO	0.52764	0.52764
FIM	E4PD	1e-06	1e-06
FIM	T2DECAI	0.004363	0.004363
FIM	MACPD	0.0	0.0
FIM	3OAS1	0.008986	0.008986
FIM	3OAS2	0.004363	0.004363
FIM	3OAS3	0.004363	0.004363
FIM	3OAS4	0.002756	0.002756
FIM	3OAS5	0.000919	0.000919
FIM	3OAS6	0.000842	0.000842
FIM	3OAS7	0.000536	0.000536
FIM	3OAS8	0.008986	0.008986
FIM	3OAS9	0.008986	0.008986
FIM	3OAS10	0.004623	0.004623
FIM	3OAS11	0.003635	0.003635
FIM	3OAS12	0.000995	0.000995
FIM	3OAS13	0.000153	0.000153
FIM	3OAS14	-0.0	-0.0
FIM	3OAS15	0.004363	0.004363
FIM	MCOATA	0.068088	0.068088
FIM	3OAR1	0.008986	0.008986
FIM	3OAR2	0.004363	0.004363
FIM	3OAR3	0.004363	0.004363
FIM	3OAR4	0.004363	0.004363
FIM	3OAR5	0.002756	0.002756
FIM	3OAR6	0.000919	0.000919
FIM	3OAR7	0.000919	0.000919
FIM	3OAR8	0.000842	0.000842
FIM	3OAR9	0.000536	0.000536
FIM	3OAR10	0.008986	0.008986
FIM	3OAR11	0.008986	0.008986
FIM	3OAR12	0.008986	0.008986
FIM	3OAR13	0.004623	0.004623
FIM	3OAR14	0.003635	0.003635
FIM	3OAR15	0.000995	0.000995
FIM	3OAR16	0.000153	0.000153
FIM	3OAR17	-0.0	-0.0
FIM	ACOATA	0.008986	0.008986
FIM	3OAS27	0.008986	0.008986
FIM	3OAS28	0.000919	0.000919
FIM	EAR1	0.008986	0.008986
FIM	EAR2	0.004363	0.004363
FIM	EAR3	0.004363	0.004363
FIM	EAR4	0.004363	0.004363
FIM	EAR5	0.002756	0.002756
FIM	EAR6	0.000919	0.000919
FIM	EAR7	0.000919	0.000919
FIM	EAR8	0.000689	0.000689
FIM	EAR9	-0.0	-0.0
FIM	EAR10	0.008986	0.008986
FIM	EAR11	0.008986	0.008986
FIM	EAR12	0.004623	0.004623
FIM	EAR13	0.004623	0.004623
FIM	EAR14	0.00137	0.00137
FIM	EAR15	0.000995	0.000995
FIM	EAR16	0.000153	0.000153
FIM	EAR17	-0.0	-0.0
FIM	BHAH1	0.008986	0.008986
FIM	BHAH2	0.004363	0.004363
FIM	BHAH3	0.004363	0.004363
FIM	BHAH4	0.004363	0.004363
FIM	BHAH5	0.002756	0.002756
FIM	BHAH6	0.000919	0.000919
FIM	BHAH7	0.000919	0.000919
FIM	BHAH8	0.000842	0.000842
FIM	BHAH9	0.000536	0.000536
FIM	BHAH10	0.008986	0.008986
FIM	BHAH11	0.008986	0.008986
FIM	BHAH12	0.008986	0.008986
FIM	BHAH13	0.004623	0.004623
FIM	BHAH14	0.00137	0.00137
FIM	BHAH15	0.000995	0.000995
FIM	BHAH16	0.000153	0.000153
FIM	BHAH17	-0.0	-0.0
FIM	FBA	-1000.0	167.098207
FIM	FBA3	-998.506239	168.591968
FIM	GFUCS	-0.0	-0.0
FIM	FE2tpp	0.0	0.003492
FIM	FE3tpp	0.003489	0.003489
FIM	DHFR	-0.000805	-0.000805
FIM	DHNPA2	4e-06	4e-06
FIM	DHFS	4e-06	4e-06
FIM	MTHFD1	-835.449567	66.938946
FIM	MTHFD2	0.0	835.491035
FIM	MTHFC	0.041468	66.938946
FIM	GTPCI	4e-06	4e-06
FIM	HPPK2	4e-06	4e-06
FIM	DHPS2	4e-06	4e-06
FIM	FUM	-835.519206	-0.028171
FIM	ALDEP	-27.849701	-0.0
FIM	GALU	-0.0	-0.0
FIM	GAPD1	0.0	170.98516
FIM	GAPD2	0.0	147.146564
FIM	GLUCYS	1e-06	1e-06
FIM	GTHS	1e-06	1e-06
FIM	GLXR	0.0	64.268541
FIM	GLXCL	-0.079015	7.140951
FIM	GLYCH	4e-06	64.268545
FIM	DGPE	-1000.0	999.990289
FIM	GLCS1	0.007811	111.406616
FIM	GLBRAN1	0.007811	1000.0
FIM	GLGC	0.007811	111.406616
FIM	GLCP	-0.0	27.849701
FIM	GLDBRAN2	0.0	999.992189
FIM	BDGK	-0.0	55.699402
FIM	DGAMK	2e-05	2e-05
FIM	PGAMT	-0.003458	-0.003458
FIM	GF6PTA	0.003478	0.003478
FIM	G1PACT	0.003458	0.003458
FIM	UAGDP	0.003458	0.003458
FIM	GLNS	0.0	76.002324
FIM	GLYK	0.000182	0.000182
FIM	FBP	0.0	1000.0
FIM	GLUSy	0.412561	835.903596
FIM	GLUTRS	2.5e-05	2.5e-05
FIM	GLYCK	-0.079015	7.140951
FIM	TRSAR	-7.140951	0.079015
FIM	GHMT2	0.048195	33.496934
FIM	GMAND	-0.0	-0.0
FIM	S7PI	6e-05	6e-05
FIM	GMHEPPA	6e-05	6e-05
FIM	GK1	0.008443	0.008443
FIM	AGAD	0.00075	0.00075
FIM	UACAA	0.00075	0.00075
FIM	PGLYCP	-0.0	14.281898
FIM	PGM1	0.52764	0.52764
FIM	G3PD2	0.005359	0.005359
FIM	GSNK	-1000.0	1000.0
FIM	XPPT	0.0	167.10665
FIM	GMPS2	0.008443	167.10665
FIM	IMPD	0.0	167.10665
FIM	GUAD	0.0	167.098207
FIM	GLUTRR	2.5e-05	2.5e-05
FIM	PPBNGS	1.2e-05	1.2e-05
FIM	HMBS	3e-06	3e-06
FIM	UPPDC1	2e-06	2e-06
FIM	CPPPGO1	3e-06	3e-06
FIM	PPPGO	2e-06	2e-06
FIM	FCLT	2e-06	2e-06
FIM	G1SAT	2.5e-05	2.5e-05
FIM	CPPPGO2	-1e-06	-1e-06
FIM	PRMICI	0.012498	0.012498
FIM	IGPDH	0.012498	0.012498
FIM	HSTPT	0.012498	0.012498
FIM	HISTD1	0.012498	0.012498
FIM	HISTD2	0.012498	0.012498
FIM	IG3PS	0.012498	0.012498
FIM	PRATPP	0.012498	0.012498
FIM	PRAMPC	0.012498	0.012498
FIM	ATPPRT	-0.012498	-0.012498
FIM	HXPRT	0.0	1000.0
FIM	GUAPRT	-1000.0	1000.0
FIM	HYD1pp	0.0	54.215645
FIM	HYD3pp	0.0	54.215645
FIM	HYD4	0.0	53.949579
FIM	ICDHyr	0.05733	0.05733
FIM	ICITRED	-0.0	-0.0
FIM	THRD_L	0.015102	0.015102
FIM	ACLS	0.047913	0.047913
FIM	ACHBS	0.015102	0.015102
FIM	KARA1	-0.047913	-0.047913
FIM	DPR	-3e-06	-3e-06
FIM	KARA2	0.015102	0.015102
FIM	DHAD1	0.047913	0.047913
FIM	DHAD2	0.015102	0.015102
FIM	VALTA2	-0.059106	-0.059106
FIM	ILETA	-0.015102	-0.015102
FIM	LEUTA	-0.026559	-0.026559
FIM	CYSDSS	1e-06	1e-06
FIM	GRTT	3e-06	3e-06
FIM	DMATT	3e-06	3e-06
FIM	OCTDPS	1e-06	1e-06
FIM	MEPCT	1.7e-05	1.7e-05
FIM	CDPMEK	1.7e-05	1.7e-05
FIM	MECDPS	1.7e-05	1.7e-05
FIM	MBDR	1.7e-05	1.7e-05
FIM	IPDPS	0.0	1.7e-05
FIM	DMPPS	0.0	1.7e-05
FIM	KDOPS	0.003999	0.003999
FIM	KDOCT2	0.003999	0.003999
FIM	KDOPP	0.003999	0.003999
FIM	KDOCT	0.002	0.002
FIM	KDOCT3	0.002	0.002
FIM	IPPS	0.026559	0.026559
FIM	IPMD	0.026559	0.026559
FIM	IPPMIa	0.026559	0.026559
FIM	GHMT3	0.005042	33.453781
FIM	UAGAAT	0.00075	0.00075
FIM	LPADSS	0.000375	0.000375
FIM	UAAD	0.00075	0.00075
FIM	UAAA	0.00075	0.00075
FIM	UHGA	0.000375	0.000375
FIM	TDSK	0.000375	0.000375
FIM	LDAS	0.000375	0.000375
FIM	LIPS	0.000375	0.000375
FIM	RHCCE	0.0	-0.0
FIM	DAPDC	0.017185	0.017185
FIM	MTRP	-0.0	27.849701
FIM	AMALT1	-0.0	27.849701
FIM	MTRG	0.0	27.849701
FIM	MALS	0.0	0.158033
FIM	MAN6PI	2e-05	2e-05
FIM	MDH	0.028171	835.519206
FIM	HACT	0.008854	0.008854
FIM	MTHPTGHM	-0.0	-0.0
FIM	MTHFR3	0.010964	0.010964
FIM	METS	0.010963	0.010963
FIM	METAT	0.0	55.699402
FIM	HSDy	-0.037496	-0.037496
FIM	HSERTA	0.008854	0.008854
FIM	HCYSMT	-0.002148	55.697255
FIM	PAPPT3	0.001354	0.001354
FIM	PGLT	0.000677	0.000677
FIM	MTAP	3.8e-05	3.8e-05
FIM	AHCYSNS	0.0	-0.0
FIM	UAGCVT	0.001354	0.001354
FIM	UAPGR	-0.001354	-0.001354
FIM	UAMAS	0.001354	0.001354
FIM	UAMAGS	0.001354	0.001354
FIM	UAAGDS	0.001354	0.001354
FIM	UGLDDS	0.001354	0.001354
FIM	UCMAT	0.001354	0.001354
FIM	GLUR	0.001354	0.001354
FIM	QULNS	1.2e-05	1.2e-05
FIM	ASPO6	0.0	1.2e-05
FIM	ASPO5	0.0	1.2e-05
FIM	NNDPR	1.2e-05	1.2e-05
FIM	NNAT	1.2e-05	1.2e-05
FIM	NADS2	0.0	1.2e-05
FIM	NADS1	0.0	1.2e-05
FIM	NDPK3	0.003901	836.029463
FIM	NDPK8	0.000781	0.000781
FIM	NDPK7	0.001146	0.001947
FIM	NDPK5	0.001146	0.001146
FIM	NDPK4	0.002681	0.002681
FIM	NDPK6	-0.0	0.000801
FIM	NDPK1	0.007317	1000.0
FIM	NDPK2	-836.006493	0.01907
FIM	NITF	0.266066	0.266066
FIM	RNDR1	0.000781	0.000781
FIM	RNDR3	0.001146	0.001947
FIM	RNDR2	0.001146	0.001146
FIM	RNDR4	0.0	0.000801
FIM	ADCS	4e-06	4e-06
FIM	ADCL	4e-06	4e-06
FIM	MOHMT	3e-06	3e-06
FIM	PANTS	3e-06	3e-06
FIM	ASP1DC	3e-06	3e-06
FIM	PDH	0.163673	0.321706
FIM	THPDH	1e-06	1e-06
FIM	PERD	1e-06	1e-06
FIM	PYAM5PO	-0.0	-0.0
FIM	PDX5PO	1e-06	1e-06
FIM	PDX5PS	1e-06	1e-06
FIM	PMEAS	0.001567	0.001567
FIM	AMPTASECG	-0.0	-0.0
FIM	PFK	0.0	167.098207
FIM	PGI1	-0.009711	-0.009711
FIM	PGK	3.741466	170.98516
FIM	PGL	-0.0	-0.0
FIM	PGMT	-1000.0	999.990289
FIM	PGMT2	-1000.0	999.990289
FIM	PGPP120	0.001713	0.001713
FIM	PGSA	0.001713	0.001713
FIM	CHORM	0.016665	0.016665
FIM	PPNDH	0.009374	0.009374
FIM	PPTtpp	0.0	0.0
FIM	PYDXK2	-0.0	-0.0
FIM	G3PAT1	0.003828	0.003828
FIM	G3PAT2	0.003828	0.003828
FIM	NADTRHD	0.0	836.218471
FIM	PPA	0.160359	167.258566
FIM	PPC	0.0	0.158033
FIM	PPK2	0.0	-0.0
FIM	NADK	3e-06	167.09821
FIM	P5CR	-0.014061	-0.014061
FIM	G5SD	-0.014061	-0.014061
FIM	GLU5K	0.014061	0.014061
FIM	PRPPS	0.042671	83.591774
FIM	PSD120	0.002114	0.002114
FIM	PSSA120	0.002114	0.002114
FIM	Pitpp	0.035527	0.035527
FIM	ADSS	0.0	835.491035
FIM	ADSL1	-0.0	835.491035
FIM	ADSL2	0.014509	0.014509
FIM	PRASCS	0.014509	0.014509
FIM	PRAGS	0.01451	0.01451
FIM	AIRC	-0.014509	-0.014509
FIM	GLUPRT	0.01451	0.01451
FIM	AICART	0.027007	0.027007
FIM	IMPC	-0.027007	-0.027007
FIM	PRFGS	0.01451	0.01451
FIM	PRAIS	0.01451	0.01451
FIM	GARFT	-999.98549	0.01451
FIM	GART	0.0	1000.0
FIM	FTHFD	0.0	167.098207
FIM	PYK	0.33091	0.488943
FIM	ASPCT	0.015612	0.015612
FIM	DHORTS	0.015612	0.015612
FIM	DHORD	0.015612	0.015612
FIM	ORPT	0.015612	0.015612
FIM	OMPDC	0.015612	0.015612
FIM	CTPS2	-836.014846	0.010716
FIM	URIDK	-836.008221	0.017341
FIM	UPPRT	-0.0	1000.0
FIM	PYDAMK	-0.0	-0.0
FIM	HKDOS	0.002	0.002
FIM	AGMHE	6e-05	6e-05
FIM	GMHEPK	6e-05	6e-05
FIM	GMHEPAT	6e-05	6e-05
FIM	G1PTT	0.0019	0.0019
FIM	TDPGDH	0.00086	0.00086
FIM	TDPDRE1	-0.0	0.00086
FIM	TDPDRE2	0.0	0.00086
FIM	TDPDRR	0.0	0.00086
FIM	GTPCII2	2e-06	2e-06
FIM	DB4PS	4e-06	4e-06
FIM	DHPPDA	2e-06	2e-06
FIM	APRAUR	-2e-06	-2e-06
FIM	RBFS	2e-06	2e-06
FIM	FMNAT	1e-06	1e-06
FIM	RBFK1	1e-06	1e-06
FIM	RBFS2	4e-06	4e-06
FIM	RPE	-68.37797	-1.480492
FIM	RPI	0.689209	34.137948
FIM	SFAT1	0.0	999.991141
FIM	SFAT2	0.0	167.098207
FIM	MMM	-0.000919	-0.000919
FIM	SBPASE	-998.506239	168.591968
FIM	SUCD	0.000907	0.000919
FIM	SULDO	-0.0	-0.0
FIM	PGCD	0.062292	33.511031
FIM	PSP_L	0.062292	33.511031
FIM	PSERT	-33.511031	-0.062292
FIM	OHPBAT	1e-06	1e-06
FIM	MTOD	3.8e-05	3.8e-05
FIM	DKMPE	3.8e-05	3.8e-05
FIM	HKMPP	3.8e-05	3.8e-05
FIM	AREDO	3.8e-05	3.8e-05
FIM	KMBT	3.8e-05	3.8e-05
FIM	SCCR	0.0	-0.0
FIM	ORNDC	0.000224	0.000224
FIM	SPMS	3.8e-05	3.8e-05
FIM	GAP2	-1000.0	999.990289
FIM	SQRED1	0.0	0.0
FIM	SUCOAS	0.019458	0.019458
FIM	SO42tpp	-0.0	0.0
FIM	NADPPPS	0.0	167.098207
FIM	THMP	-0.0	-0.0
FIM	TALA	-999.238178	167.860029
FIM	TMDK1	0.0	-0.0
FIM	TMDK2	0.0	-0.0
FIM	AMPMS	1e-06	1e-06
FIM	HMPK1	1e-06	1e-06
FIM	PMPK	1e-06	1e-06
FIM	TMPPP	1e-06	1e-06
FIM	TTMS	1e-06	1e-06
FIM	HETZK	-0.0	-0.0
FIM	TMPK	1e-06	1e-06
FIM	HMSK	0.028642	0.028642
FIM	THRS	0.028642	0.028642
FIM	TTSF	-0.0	-0.0
FIM	TKT1	-34.197351	-0.748613
FIM	TKT2	0.73188	34.180619
FIM	DTMPK	0.000801	0.000801
FIM	FE32tpp	0.003489	0.003489
FIM	TPI	1.499133	68.39661
FIM	TSQOC	0.0	-0.0
FIM	TRPS3	-0.0	-0.0
FIM	TRPS2	-0.0	-0.0
FIM	IGPS	-0.0	-0.0
FIM	ANPRT	0.0	-0.0
FIM	PRAI	-0.0	-0.0
FIM	TRDR	0.004986	75.958716
FIM	PPND	0.007292	0.007292
FIM	PHETA1	-0.009374	-0.009374
FIM	HBPPT	1e-06	1e-06
FIM	OPHHX	1e-06	1e-06
FIM	OPHBDC	1e-06	1e-06
FIM	OMMBH	1e-06	1e-06
FIM	DUQM	1e-06	1e-06
FIM	OHPHM	1e-06	1e-06
FIM	OMPHHX	1e-06	1e-06
FIM	OMBQM	1e-06	1e-06
FIM	URIK1	0.0	1000.0
FIM	CYTDK2	0.0	537.570489
FIM	URIK2	0.0	999.992683
FIM	URIP	-1000.0	-0.0
FIM	UDPGD	-0.0	-0.0
FIM	UGDC	-0.0	-0.0
FIM	DTDCT	-0.0	-0.0
FIM	UDDS	1e-06	1e-06
FIM	HXAND	-167.098207	0.008443
FIM	XAND	0.0	-0.0
FIM	ACPpds	0.0	55.699402
FIM	MMCD	0.000919	0.000919
FIM	G6PDH2	0.0	-0.0
FIM	SO4AA2tpp	-0.013546	-0.013546
FIM	Ex_bio[e]	0.052076	0.052076
FIM	Ex_h2co3[e]	-2.0	-2.0
FIM	Ex_h[e]	-990.19694	-154.705905
FIM	Ex_h2[e]	0.0	34.299694
FIM	Ex_fe3[e]	164.501984	999.993019
FIM	Ex_fe2[e]	-1000.0	-164.508965
FIM	Ex_nh4[e]	0.0	0.0
FIM	Ex_o2[e]	-247.53616	-38.663402
FIM	Ex_h2o[e]	82.449669	500.195186
FIM	Ex_eps_AFE[e]	-0.0	-0.0
FIM	Ex_n2[e]	-0.266066	-0.266066
FIM	Ex_zn2[e]	-0.000104	-0.000104
FIM	Ex_ca2[e]	-0.004531	-0.004531
FIM	Ex_na1[e]	-0.00276	-0.00276
FIM	Ex_mn2[e]	-0.001562	-0.001562
FIM	Ex_cu2[e]	-5.2e-05	-5.2e-05
FIM	Ex_mg2[e]	-0.012498	-0.012498
FIM	Ex_k[e]	-0.002396	-0.002396
FIM	Ex_pi[e]	-0.035527	-0.035527
FIM	Ex_4hba[e]	1e-06	1e-06
FIM	Ex_h2s[e]	0.0	0.0
FIM	Ex_s[e]	0.0	0.0
FIM	Ex_so4[e]	-0.0	0.0
FIM	Ex_tsul[e]	0.0	-0.0
FIM	Ex_ttton[e]	0.0	0.0
FIM	Ex_ppt[e]	0.0	0.0
FIM	Ex_polypi[e]	-0.0	0.0
FIM	Ex_so4aa[e]	-0.013546	-0.013546
FIM	Ex_glc-B[e]	0.0	0.0
FIM	GLCtex	-0.0	-0.0
FIM	GLCtpp	-0.0	-0.0
TTM	4THASE1	0.0	-0.0
TTM	4THASE2	10.431669	285.658019
TTM	5OXOP	-0.0	-0.0
TTM	ACODA	-0.0	366.051046
TTM	ADMDC	3.8e-05	3.8e-05
TTM	ASPK	0.056035	0.056035
TTM	FDH	0.0	292.899031
TTM	DDPA	0.016672	0.016672
TTM	SDPTA	-0.018539	-0.018539
TTM	ANSYN	-0.0	-0.0
TTM	A5PISO	0.003999	0.003999
TTM	ARGDC	-0.0	-0.0
TTM	ATPM	3.475	3.475
TTM	ATPS5rpp	20.737067	752.985344
TTM	Afe_biomass_mc507_WT_139p0M	0.052076	0.052076
TTM	CHRPL	1e-06	1e-06
TTM	CYTDK1	0.0	999.994152
TTM	CYTRED	-0.0	994.861425
TTM	DNMPPA	4e-06	4e-06
TTM	SHCHD2	1e-06	1e-06
TTM	EPS	0.0	0.0
TTM	FA_PL-ACP-AFE	0.007655	0.007655
TTM	FTHFL	0.0	1000.0
TTM	DNTPPA	4e-06	4e-06
TTM	HISTP	0.012498	0.012498
TTM	INSK	-1000.0	650.236603
TTM	IPDDI	-1.5e-05	3e-06
TTM	LPS	0.00125	0.00125
TTM	MNTH	0.0	0.003492
TTM	NADHI	5.207708	474.503921
TTM	PL-AFE	0.003645	0.003645
TTM	PYDXK1	-0.0	-0.0
TTM	PHSTG1	-0.0	-0.0
TTM	PHSTG2	-0.0	-0.0
TTM	LIPA	0.002	0.002
TTM	RIBPH	2e-06	2e-06
TTM	THFAT	-0.0	-0.0
TTM	PYRDB	1e-06	1e-06
TTM	UDCPDPS	-0.0	-0.0
TTM	OMCDC	0.026559	0.026559
TTM	G5SADs	0.014061	0.014061
TTM	RUBISCO	2.165698	441.514245
TTM	RUBISCOX	0.0	85.326584
TTM	SHKK	0.016672	0.016672
TTM	BIOMASStpp	0.052076	0.052076
TTM	BIOMASStex	0.052076	0.052076
TTM	CA2tex	0.004531	0.004531
TTM	CA2tpp	0.004531	0.004531
TTM	CU2tex	5.2e-05	5.2e-05
TTM	CU2tpp	5.2e-05	5.2e-05
TTM	EPStpp	-0.0	-0.0
TTM	EPStex	-0.0	-0.0
TTM	FE2tex	0.003492	0.003492
TTM	H2tex	-0.0	-0.0
TTM	HCO3tex	2.0	2.0
TTM	HCO3tpp	2.0	2.0
TTM	H2Otex	15.450572	428.290097
TTM	H2Otpp	-1000.0	-36.707775
TTM	H2Stex	-0.0	-0.0
TTM	H2Stpp	-0.0	-0.0
TTM	H2tpp	-236.474962	-0.0
TTM	TMDS	0.000801	0.000801
TTM	Ktex	0.002396	0.002396
TTM	Ktpp	0.002396	0.002396
TTM	MG2tex	0.012498	0.012498
TTM	MG2tpp	0.012498	0.012498
TTM	MN2tex	0.001562	0.001562
TTM	MN2tpp	0.001562	0.001562
TTM	4HBAtpp	1e-06	1e-06
TTM	4HBAtex	1e-06	1e-06
TTM	N2tex	0.266066	0.266066
TTM	N2tpp	0.266066	0.266066
TTM	NH4tex	-0.0	-0.0
TTM	NA1tex	0.00276	0.00276
TTM	NA1tpp	0.007291	0.007291
TTM	O2tex	15.792455	497.438567
TTM	O2tpp	15.792455	497.438567
TTM	Pitex	-0.035527	-0.035527
TTM	PPTtex	-0.0	-0.0
TTM	SO4tex	20.849792	571.316039
TTM	Stex	-0.0	-0.0
TTM	TTTONtex	-142.82901	-5.215835
TTM	TSULtex	-0.0	-0.0
TTM	ZN2tex	0.000104	0.000104
TTM	ZN2tpp	0.000104	0.000104
TTM	Htpp	0.0	0.0
TTM	Htex	31.211291	856.890341
TTM	UPP3S	3e-06	3e-06
TTM	VALTA1	0.037754	0.037754
TTM	CYTAA31	0.0	-0.0
TTM	CYTAA32	0.0	994.861425
TTM	ACCOAC	-999.931912	0.068088
TTM	BIOC1	-0.0	1000.0
TTM	BIOC2	0.0	1000.0
TTM	ACONT1	0.05733	0.05733
TTM	ACONT2	0.05733	0.05733
TTM	ACPS1	-0.0	244.03403
TTM	ACS	0.009609	366.060655
TTM	ADA	-0.018565	999.411436
TTM	DADA	0.0	-0.0
TTM	ADK1	0.116833	732.218924
TTM	ADPT	-366.069609	999.411437
TTM	ADNSE	-3.9e-05	244.033991
TTM	GCALDD	4e-06	4e-06
TTM	ALAR	0.002031	0.002031
TTM	AMPN	0.0	366.051046
TTM	NH4pp	0.0	0.0
TTM	ACGS	0.0	366.051046
TTM	ACGK	0.014806	0.014806
TTM	AGPR	-0.014806	-0.014806
TTM	ACOTA	-0.014806	-0.014806
TTM	OCBT	0.014581	0.014581
TTM	ARGSS	0.014581	0.014581
TTM	ARGSL	0.014581	0.014581
TTM	GLAT	-366.03624	0.014806
TTM	PSCVT	0.016672	0.016672
TTM	DHQS	0.016672	0.016672
TTM	CHORS	0.016672	0.016672
TTM	SHK3D	-0.016672	-0.016672
TTM	DHQT	0.016672	0.016672
TTM	ASAD	-0.056035	-0.056035
TTM	ASNS1	0.014061	0.014061
TTM	ASPTA	-999.558875	-0.128874
TTM	TYRTA	0.007292	0.007292
TTM	ADSR	0.0	332.773678
TTM	UDCPDP	0.001354	0.001354
TTM	CYTBC1	0.0	-0.0
TTM	CYTBD	0.0	994.861425
TTM	AMAOT	-0.0	-0.0
TTM	BTS5	0.0	-0.0
TTM	DBTS	-0.0	-0.0
TTM	AOXS	-0.0	-0.0
TTM	BILG	0.0	-0.0
TTM	CYTBO3	0.0	994.861425
TTM	CBPS	0.030193	0.030193
TTM	CAT	0.007812	234.655919
TTM	PRUK	2.165698	441.514245
TTM	CYTD	-999.994152	-0.0
TTM	DCYTD	0.0	-0.0
TTM	PCYT	0.003828	0.003828
TTM	CFAS190	0.000536	0.000536
TTM	CS	0.05733	0.05733
TTM	CLPNS120	0.000182	0.000182
TTM	CYTK2	-0.0	-0.0
TTM	CYTK1	0.005848	1000.0
TTM	PNTK	3e-06	3e-06
TTM	PTPAT	3e-06	244.034034
TTM	DPCOAK	3e-06	244.034034
TTM	UPP3MT1	1e-06	1e-06
TTM	UPP3MT2	1e-06	1e-06
TTM	CSND	0.0	-0.0
TTM	MAN1PT	2e-05	2e-05
TTM	PMANM	2e-05	2e-05
TTM	CYT1	-0.0	-0.0
TTM	CYT2	-0.0	0.0
TTM	CYTA2	-0.0	-0.0
TTM	HCO3E	-1.901719	-1.901719
TTM	PHFT	1e-06	1e-06
TTM	ADSK	0.008859	332.782537
TTM	SADT	0.008859	1000.0
TTM	SERAT	5e-06	5e-06
TTM	SHBI	1e-06	1e-06
TTM	PAPSR	0.008859	332.782537
TTM	SULR2	-0.008859	-0.008859
TTM	CYSS	5e-06	5e-06
TTM	BPNT	0.008859	332.782537
TTM	SO41tpp	0.0	0.013546
TTM	SO4AA1tpp	0.0	0.013546
TTM	MCTP1A	0.000677	0.000677
TTM	DHDPS	0.018539	0.018539
TTM	DHDPRy	-0.018539	-0.018539
TTM	THDPS	0.018539	0.018539
TTM	SDPDS	0.018539	0.018539
TTM	DAPE	0.018539	0.018539
TTM	DCTPD	0.0	0.000801
TTM	ALAALAr	0.001354	0.001354
TTM	PUNP1	-999.411475	244.052556
TTM	PUNP2	-546.214341	1000.0
TTM	PUNP3	-1000.0	1000.0
TTM	PUNP4	-0.0	-0.0
TTM	PPCDC	3e-06	3e-06
TTM	PPNCL2	3e-06	3e-06
TTM	NTPTP1	0.0	-0.0
TTM	DUTPDP	0.000801	0.000801
TTM	DOXRI	-1.7e-05	-1.7e-05
TTM	DOXS	1.9e-05	1.9e-05
TTM	DDGPA	-0.0	-0.0
TTM	PGDH	0.0	-0.0
TTM	MTROI	3.8e-05	3.8e-05
TTM	ENO	0.52764	0.52764
TTM	E4PD	1e-06	1e-06
TTM	T2DECAI	0.004363	0.004363
TTM	MACPD	0.0	0.0
TTM	3OAS1	0.008986	0.008986
TTM	3OAS2	0.004363	0.004363
TTM	3OAS3	0.004363	0.004363
TTM	3OAS4	0.002756	0.002756
TTM	3OAS5	0.000919	0.000919
TTM	3OAS6	0.000842	0.000842
TTM	3OAS7	0.000536	0.000536
TTM	3OAS8	0.008986	0.008986
TTM	3OAS9	0.008986	0.008986
TTM	3OAS10	0.004623	0.004623
TTM	3OAS11	0.003635	0.003635
TTM	3OAS12	0.000995	0.000995
TTM	3OAS13	0.000153	0.000153
TTM	3OAS14	-0.0	-0.0
TTM	3OAS15	0.004363	0.004363
TTM	MCOATA	0.068088	0.068088
TTM	3OAR1	0.008986	0.008986
TTM	3OAR2	0.004363	0.004363
TTM	3OAR3	0.004363	0.004363
TTM	3OAR4	0.004363	0.004363
TTM	3OAR5	0.002756	0.002756
TTM	3OAR6	0.000919	0.000919
TTM	3OAR7	0.000919	0.000919
TTM	3OAR8	0.000842	0.000842
TTM	3OAR9	0.000536	0.000536
TTM	3OAR10	0.008986	0.008986
TTM	3OAR11	0.008986	0.008986
TTM	3OAR12	0.008986	0.008986
TTM	3OAR13	0.004623	0.004623
TTM	3OAR14	0.003635	0.003635
TTM	3OAR15	0.000995	0.000995
TTM	3OAR16	0.000153	0.000153
TTM	3OAR17	-0.0	-0.0
TTM	ACOATA	0.008986	0.008986
TTM	3OAS27	0.008986	0.008986
TTM	3OAS28	0.000919	0.000919
TTM	EAR1	0.008986	0.008986
TTM	EAR2	0.004363	0.004363
TTM	EAR3	0.004363	0.004363
TTM	EAR4	0.004363	0.004363
TTM	EAR5	0.002756	0.002756
TTM	EAR6	0.000919	0.000919
TTM	EAR7	0.000919	0.000919
TTM	EAR8	0.000689	0.000689
TTM	EAR9	-0.0	-0.0
TTM	EAR10	0.008986	0.008986
TTM	EAR11	0.008986	0.008986
TTM	EAR12	0.004623	0.004623
TTM	EAR13	0.004623	0.004623
TTM	EAR14	0.00137	0.00137
TTM	EAR15	0.000995	0.000995
TTM	EAR16	0.000153	0.000153
TTM	EAR17	-0.0	-0.0
TTM	BHAH1	0.008986	0.008986
TTM	BHAH2	0.004363	0.004363
TTM	BHAH3	0.004363	0.004363
TTM	BHAH4	0.004363	0.004363
TTM	BHAH5	0.002756	0.002756
TTM	BHAH6	0.000919	0.000919
TTM	BHAH7	0.000919	0.000919
TTM	BHAH8	0.000842	0.000842
TTM	BHAH9	0.000536	0.000536
TTM	BHAH10	0.008986	0.008986
TTM	BHAH11	0.008986	0.008986
TTM	BHAH12	0.008986	0.008986
TTM	BHAH13	0.004623	0.004623
TTM	BHAH14	0.00137	0.00137
TTM	BHAH15	0.000995	0.000995
TTM	BHAH16	0.000153	0.000153
TTM	BHAH17	-0.0	-0.0
TTM	FBA	-1000.0	732.102091
TTM	FBA3	-998.506239	733.595853
TTM	GFUCS	-0.0	0.0
TTM	FE2tpp	0.0	0.003492
TTM	FE3tpp	0.003489	0.003489
TTM	DHFR	-0.000805	-0.000805
TTM	DHNPA2	4e-06	4e-06
TTM	DHFS	4e-06	4e-06
TTM	MTHFD1	-999.231095	292.9405
TTM	MTHFD2	0.0	1000.0
TTM	MTHFC	0.041468	292.9405
TTM	GTPCI	4e-06	4e-06
TTM	HPPK2	4e-06	4e-06
TTM	DHPS2	4e-06	4e-06
TTM	FUM	-999.458172	-0.028171
TTM	ALDEP	-122.017015	-0.0
TTM	GALU	-0.0	-0.0
TTM	GAPD1	0.0	735.989044
TTM	GAPD2	0.0	634.218878
TTM	GLUCYS	1e-06	1e-06
TTM	GTHS	1e-06	1e-06
TTM	GLXR	0.0	469.296212
TTM	GLXCL	-0.079015	42.663294
TTM	GLYCH	4e-06	469.296216
TTM	DGPE	-1000.0	999.990289
TTM	GLCS1	0.007811	488.075872
TTM	GLBRAN1	0.007811	1000.0
TTM	GLGC	0.007811	488.075872
TTM	GLCP	-0.0	122.017015
TTM	GLDBRAN2	0.0	999.992189
TTM	BDGK	-0.0	244.03403
TTM	DGAMK	2e-05	2e-05
TTM	PGAMT	-0.003458	-0.003458
TTM	GF6PTA	0.003478	0.003478
TTM	G1PACT	0.003458	0.003458
TTM	UAGDP	0.003458	0.003458
TTM	GLNS	0.0	332.822271
TTM	GLYK	0.000182	0.000182
TTM	FBP	0.0	1000.0
TTM	GLUSy	0.412561	1000.0
TTM	GLUTRS	2.5e-05	2.5e-05
TTM	GLYCK	-0.079015	42.663294
TTM	TRSAR	-42.663294	0.079015
TTM	GHMT2	0.048195	146.497711
TTM	GMAND	-0.0	0.0
TTM	S7PI	6e-05	6e-05
TTM	GMHEPPA	6e-05	6e-05
TTM	GK1	0.008443	0.008443
TTM	AGAD	0.00075	0.00075
TTM	UACAA	0.00075	0.00075
TTM	PGLYCP	-0.0	85.326584
TTM	PGM1	0.52764	0.52764
TTM	G3PD2	0.005359	0.005359
TTM	GSNK	-1000.0	1000.0
TTM	XPPT	0.0	732.110534
TTM	GMPS2	0.008443	732.110534
TTM	IMPD	0.0	732.110534
TTM	GUAD	0.0	732.102091
TTM	GLUTRR	2.5e-05	2.5e-05
TTM	PPBNGS	1.2e-05	1.2e-05
TTM	HMBS	3e-06	3e-06
TTM	UPPDC1	2e-06	2e-06
TTM	CPPPGO1	3e-06	3e-06
TTM	PPPGO	2e-06	2e-06
TTM	FCLT	2e-06	2e-06
TTM	G1SAT	2.5e-05	2.5e-05
TTM	CPPPGO2	-1e-06	-1e-06
TTM	PRMICI	0.012498	0.012498
TTM	IGPDH	0.012498	0.012498
TTM	HSTPT	0.012498	0.012498
TTM	HISTD1	0.012498	0.012498
TTM	HISTD2	0.012498	0.012498
TTM	IG3PS	0.012498	0.012498
TTM	PRATPP	0.012498	0.012498
TTM	PRAMPC	0.012498	0.012498
TTM	ATPPRT	-0.012498	-0.012498
TTM	HXPRT	0.0	1000.0
TTM	GUAPRT	-1000.0	1000.0
TTM	HYD1pp	0.0	236.474962
TTM	HYD3pp	0.0	236.474962
TTM	HYD4	0.0	236.208896
TTM	ICDHyr	0.05733	0.05733
TTM	ICITRED	-0.0	-0.0
TTM	THRD_L	0.015102	0.015102
TTM	ACLS	0.047913	0.047913
TTM	ACHBS	0.015102	0.015102
TTM	KARA1	-0.047913	-0.047913
TTM	DPR	-3e-06	-3e-06
TTM	KARA2	0.015102	0.015102
TTM	DHAD1	0.047913	0.047913
TTM	DHAD2	0.015102	0.015102
TTM	VALTA2	-0.059106	-0.059106
TTM	ILETA	-0.015102	-0.015102
TTM	LEUTA	-0.026559	-0.026559
TTM	CYSDSS	1e-06	1e-06
TTM	GRTT	3e-06	3e-06
TTM	DMATT	3e-06	3e-06
TTM	OCTDPS	1e-06	1e-06
TTM	MEPCT	1.7e-05	1.7e-05
TTM	CDPMEK	1.7e-05	1.7e-05
TTM	MECDPS	1.7e-05	1.7e-05
TTM	MBDR	1.7e-05	1.7e-05
TTM	IPDPS	0.0	1.7e-05
TTM	DMPPS	0.0	1.7e-05
TTM	KDOPS	0.003999	0.003999
TTM	KDOCT2	0.003999	0.003999
TTM	KDOPP	0.003999	0.003999
TTM	KDOCT	0.002	0.002
TTM	KDOCT3	0.002	0.002
TTM	IPPS	0.026559	0.026559
TTM	IPMD	0.026559	0.026559
TTM	IPPMIa	0.026559	0.026559
TTM	GHMT3	0.005042	146.454558
TTM	UAGAAT	0.00075	0.00075
TTM	LPADSS	0.000375	0.000375
TTM	UAAD	0.00075	0.00075
TTM	UAAA	0.00075	0.00075
TTM	UHGA	0.000375	0.000375
TTM	TDSK	0.000375	0.000375
TTM	LDAS	0.000375	0.000375
TTM	LIPS	0.000375	0.000375
TTM	RHCCE	0.0	-0.0
TTM	DAPDC	0.017185	0.017185
TTM	MTRP	-0.0	122.017015
TTM	AMALT1	-0.0	122.017015
TTM	MTRG	0.0	122.017015
TTM	MALS	0.0	0.158033
TTM	MAN6PI	2e-05	2e-05
TTM	MDH	0.028171	999.616206
TTM	HACT	0.008854	0.008854
TTM	MTHPTGHM	-0.0	-0.0
TTM	MTHFR3	0.010964	0.010964
TTM	METS	0.010963	0.010963
TTM	METAT	0.0	244.03403
TTM	HSDy	-0.037496	-0.037496
TTM	HSERTA	0.008854	0.008854
TTM	HCYSMT	-0.002148	244.031883
TTM	PAPPT3	0.001354	0.001354
TTM	PGLT	0.000677	0.000677
TTM	MTAP	3.8e-05	3.8e-05
TTM	AHCYSNS	0.0	-0.0
TTM	UAGCVT	0.001354	0.001354
TTM	UAPGR	-0.001354	-0.001354
TTM	UAMAS	0.001354	0.001354
TTM	UAMAGS	0.001354	0.001354
TTM	UAAGDS	0.001354	0.001354
TTM	UGLDDS	0.001354	0.001354
TTM	UCMAT	0.001354	0.001354
TTM	GLUR	0.001354	0.001354
TTM	QULNS	1.2e-05	1.2e-05
TTM	ASPO6	0.0	1.2e-05
TTM	ASPO5	0.0	1.2e-05
TTM	NNDPR	1.2e-05	1.2e-05
TTM	NNAT	1.2e-05	1.2e-05
TTM	NADS2	0.0	1.2e-05
TTM	NADS1	0.0	1.2e-05
TTM	NDPK3	0.003901	999.998854
TTM	NDPK8	0.000781	0.000781
TTM	NDPK7	0.001146	0.001947
TTM	NDPK5	0.001146	0.001146
TTM	NDPK4	0.002681	0.002681
TTM	NDPK6	-0.0	0.000801
TTM	NDPK1	0.007317	1000.0
TTM	NDPK2	-999.975884	0.01907
TTM	NITF	0.266066	0.266066
TTM	RNDR1	0.000781	0.000781
TTM	RNDR3	0.001146	0.001947
TTM	RNDR2	0.001146	0.001146
TTM	RNDR4	0.0	0.000801
TTM	ADCS	4e-06	4e-06
TTM	ADCL	4e-06	4e-06
TTM	MOHMT	3e-06	3e-06
TTM	PANTS	3e-06	3e-06
TTM	ASP1DC	3e-06	3e-06
TTM	PDH	0.163673	0.321706
TTM	THPDH	1e-06	1e-06
TTM	PERD	1e-06	1e-06
TTM	PYAM5PO	-0.0	-0.0
TTM	PDX5PO	1e-06	1e-06
TTM	PDX5PS	1e-06	1e-06
TTM	PMEAS	0.001567	0.001567
TTM	AMPTASECG	-0.0	-0.0
TTM	PFK	0.0	732.102091
TTM	PGI1	-0.009711	-0.009711
TTM	PGK	3.741466	735.989044
TTM	PGL	-0.0	-0.0
TTM	PGMT	-1000.0	999.990289
TTM	PGMT2	-1000.0	999.990289
TTM	PGPP120	0.001713	0.001713
TTM	PGSA	0.001713	0.001713
TTM	CHORM	0.016665	0.016665
TTM	PPNDH	0.009374	0.009374
TTM	PPTtpp	0.0	0.0
TTM	PYDXK2	-0.0	-0.0
TTM	G3PAT1	0.003828	0.003828
TTM	G3PAT2	0.003828	0.003828
TTM	NADTRHD	0.0	1000.0
TTM	PPA	0.160359	732.26245
TTM	PPC	0.0	0.158033
TTM	PPK2	0.0	-0.0
TTM	NADK	3e-06	732.102094
TTM	P5CR	-0.014061	-0.014061
TTM	G5SD	-0.014061	-0.014061
TTM	GLU5K	0.014061	0.014061
TTM	PRPPS	0.042671	366.093716
TTM	PSD120	0.002114	0.002114
TTM	PSSA120	0.002114	0.002114
TTM	Pitpp	0.035527	0.035527
TTM	ADSS	0.0	999.430001
TTM	ADSL1	-0.0	999.430001
TTM	ADSL2	0.014509	0.014509
TTM	PRASCS	0.014509	0.014509
TTM	PRAGS	0.01451	0.01451
TTM	AIRC	-0.014509	-0.014509
TTM	GLUPRT	0.01451	0.01451
TTM	AICART	0.027007	0.027007
TTM	IMPC	-0.027007	-0.027007
TTM	PRFGS	0.01451	0.01451
TTM	PRAIS	0.01451	0.01451
TTM	GARFT	-999.98549	0.01451
TTM	GART	0.0	1000.0
TTM	FTHFD	0.0	732.102091
TTM	PYK	0.33091	0.488943
TTM	ASPCT	0.015612	0.015612
TTM	DHORTS	0.015612	0.015612
TTM	DHORD	0.015612	0.015612
TTM	ORPT	0.015612	0.015612
TTM	OMPDC	0.015612	0.015612
TTM	CTPS2	-999.984237	0.010716
TTM	URIDK	-999.976812	0.017341
TTM	UPPRT	-0.0	1000.0
TTM	PYDAMK	-0.0	-0.0
TTM	HKDOS	0.002	0.002
TTM	AGMHE	6e-05	6e-05
TTM	GMHEPK	6e-05	6e-05
TTM	GMHEPAT	6e-05	6e-05
TTM	G1PTT	0.0019	0.0019
TTM	TDPGDH	0.00086	0.00086
TTM	TDPDRE1	-0.0	0.00086
TTM	TDPDRE2	0.0	0.00086
TTM	TDPDRR	0.0	0.00086
TTM	GTPCII2	2e-06	2e-06
TTM	DB4PS	4e-06	4e-06
TTM	DHPPDA	2e-06	2e-06
TTM	APRAUR	-2e-06	-2e-06
TTM	RBFS	2e-06	2e-06
TTM	FMNAT	1e-06	1e-06
TTM	RBFK1	1e-06	1e-06
TTM	RBFS2	4e-06	4e-06
TTM	RPE	-294.379524	-1.480492
TTM	RPI	0.689209	147.138725
TTM	SFAT1	0.0	999.991141
TTM	SFAT2	0.0	732.102091
TTM	MMM	-0.000919	-0.000919
TTM	SBPASE	-998.506239	733.595853
TTM	SUCD	0.000907	0.000919
TTM	SULDO	-0.0	-0.0
TTM	PGCD	0.062292	146.511808
TTM	PSP_L	0.062292	146.511808
TTM	PSERT	-146.511808	-0.062292
TTM	OHPBAT	1e-06	1e-06
TTM	MTOD	3.8e-05	3.8e-05
TTM	DKMPE	3.8e-05	3.8e-05
TTM	HKMPP	3.8e-05	3.8e-05
TTM	AREDO	3.8e-05	3.8e-05
TTM	KMBT	3.8e-05	3.8e-05
TTM	SCCR	0.0	0.0
TTM	ORNDC	0.000224	0.000224
TTM	SPMS	3.8e-05	3.8e-05
TTM	GAP2	-1000.0	999.990289
TTM	SQRED1	0.0	0.0
TTM	SUCOAS	0.019458	0.019458
TTM	SO42tpp	0.0	0.013546
TTM	NADPPPS	0.0	732.102091
TTM	THMP	-0.0	-0.0
TTM	TALA	-999.238178	732.863913
TTM	TMDK1	0.0	-0.0
TTM	TMDK2	0.0	-0.0
TTM	AMPMS	1e-06	1e-06
TTM	HMPK1	1e-06	1e-06
TTM	PMPK	1e-06	1e-06
TTM	TMPPP	1e-06	1e-06
TTM	TTMS	1e-06	1e-06
TTM	HETZK	-0.0	-0.0
TTM	TMPK	1e-06	1e-06
TTM	HMSK	0.028642	0.028642
TTM	THRS	0.028642	0.028642
TTM	TTSF	-0.0	-0.0
TTM	TKT1	-147.198128	-0.748613
TTM	TKT2	0.73188	147.181395
TTM	DTMPK	0.000801	0.000801
TTM	FE32tpp	0.003489	0.003489
TTM	TPI	1.499133	294.398164
TTM	TSQOC	36.510843	999.803068
TTM	TRPS3	-0.0	-0.0
TTM	TRPS2	-0.0	-0.0
TTM	IGPS	-0.0	-0.0
TTM	ANPRT	0.0	-0.0
TTM	PRAI	-0.0	-0.0
TTM	TRDR	0.004986	332.778663
TTM	PPND	0.007292	0.007292
TTM	PHETA1	-0.009374	-0.009374
TTM	HBPPT	1e-06	1e-06
TTM	OPHHX	1e-06	1e-06
TTM	OPHBDC	1e-06	1e-06
TTM	OMMBH	1e-06	1e-06
TTM	DUQM	1e-06	1e-06
TTM	OHPHM	1e-06	1e-06
TTM	OMPHHX	1e-06	1e-06
TTM	OMBQM	1e-06	1e-06
TTM	URIK1	0.0	1000.0
TTM	CYTDK2	0.0	851.461536
TTM	URIK2	0.0	999.992683
TTM	URIP	-1000.0	-0.0
TTM	UDPGD	-0.0	-0.0
TTM	UGDC	-0.0	-0.0
TTM	DTDCT	-0.0	-0.0
TTM	UDDS	1e-06	1e-06
TTM	HXAND	-732.102091	0.008443
TTM	XAND	0.0	-0.0
TTM	ACPpds	0.0	244.03403
TTM	MMCD	0.000919	0.000919
TTM	G6PDH2	0.0	-0.0
TTM	SO4AA2tpp	-0.013546	-0.0
TTM	Ex_bio[e]	0.052076	0.052076
TTM	Ex_h2co3[e]	-2.0	-2.0
TTM	Ex_h[e]	31.211291	856.890341
TTM	Ex_h2[e]	0.0	0.0
TTM	Ex_fe3[e]	-0.003489	-0.003489
TTM	Ex_fe2[e]	-0.003492	-0.003492
TTM	Ex_nh4[e]	0.0	0.0
TTM	Ex_o2[e]	-497.438567	-15.792455
TTM	Ex_h2o[e]	-428.290097	-15.450572
TTM	Ex_eps_AFE[e]	-0.0	-0.0
TTM	Ex_n2[e]	-0.266066	-0.266066
TTM	Ex_zn2[e]	-0.000104	-0.000104
TTM	Ex_ca2[e]	-0.004531	-0.004531
TTM	Ex_na1[e]	-0.00276	-0.00276
TTM	Ex_mn2[e]	-0.001562	-0.001562
TTM	Ex_cu2[e]	-5.2e-05	-5.2e-05
TTM	Ex_mg2[e]	-0.012498	-0.012498
TTM	Ex_k[e]	-0.002396	-0.002396
TTM	Ex_pi[e]	-0.035527	-0.035527
TTM	Ex_4hba[e]	1e-06	1e-06
TTM	Ex_h2s[e]	0.0	0.0
TTM	Ex_s[e]	0.0	0.0
TTM	Ex_so4[e]	20.849792	571.316039
TTM	Ex_tsul[e]	0.0	0.0
TTM	Ex_ttton[e]	-142.82901	-5.215835
TTM	Ex_ppt[e]	0.0	0.0
TTM	Ex_polypi[e]	-0.0	0.0
TTM	Ex_so4aa[e]	-0.013546	-0.0
TTM	Ex_glc-B[e]	0.0	0.0
TTM	GLCtex	-0.0	-0.0
TTM	GLCtpp	-0.0	-0.0
TSM	4THASE1	0.0	-0.0
TSM	4THASE2	9.127711	249.950767
TSM	5OXOP	-0.0	-0.0
TSM	ACODA	-0.0	366.051046
TSM	ADMDC	3.8e-05	3.8e-05
TSM	ASPK	0.056035	0.056035
TSM	FDH	0.0	292.899031
TSM	DDPA	0.016672	0.016672
TSM	SDPTA	-0.018539	-0.018539
TSM	ANSYN	-0.0	-0.0
TSM	A5PISO	0.003999	0.003999
TSM	ARGDC	-0.0	-0.0
TSM	ATPM	3.475	3.475
TSM	ATPS5rpp	20.737067	752.985344
TSM	Afe_biomass_mc507_WT_139p0M	0.052076	0.052076
TSM	CHRPL	1e-06	1e-06
TSM	CYTDK1	0.0	999.994152
TSM	CYTRED	-0.0	994.861425
TSM	DNMPPA	4e-06	4e-06
TSM	SHCHD2	1e-06	1e-06
TSM	EPS	0.0	0.0
TSM	FA_PL-ACP-AFE	0.007655	0.007655
TSM	FTHFL	0.0	1000.0
TSM	DNTPPA	4e-06	4e-06
TSM	HISTP	0.012498	0.012498
TSM	INSK	-1000.0	650.236603
TSM	IPDDI	-1.5e-05	3e-06
TSM	LPS	0.00125	0.00125
TSM	MNTH	0.0	0.003492
TSM	NADHI	5.207708	474.503921
TSM	PL-AFE	0.003645	0.003645
TSM	PYDXK1	-0.0	-0.0
TSM	PHSTG1	-0.0	-0.0
TSM	PHSTG2	-0.0	-0.0
TSM	LIPA	0.002	0.002
TSM	RIBPH	2e-06	2e-06
TSM	THFAT	-0.0	-0.0
TSM	PYRDB	1e-06	1e-06
TSM	UDCPDPS	-0.0	-0.0
TSM	OMCDC	0.026559	0.026559
TSM	G5SADs	0.014061	0.014061
TSM	RUBISCO	2.165698	441.514245
TSM	RUBISCOX	0.0	85.326584
TSM	SHKK	0.016672	0.016672
TSM	BIOMASStpp	0.052076	0.052076
TSM	BIOMASStex	0.052076	0.052076
TSM	CA2tex	0.004531	0.004531
TSM	CA2tpp	0.004531	0.004531
TSM	CU2tex	5.2e-05	5.2e-05
TSM	CU2tpp	5.2e-05	5.2e-05
TSM	EPStpp	-0.0	-0.0
TSM	EPStex	-0.0	-0.0
TSM	FE2tex	0.003492	0.003492
TSM	H2tex	-0.0	-0.0
TSM	HCO3tex	2.0	2.0
TSM	HCO3tpp	2.0	2.0
TSM	H2Otex	8.930778	249.753835
TSM	H2Otpp	-1000.0	-36.707775
TSM	H2Stex	-0.0	-0.0
TSM	H2Stpp	-0.0	-0.0
TSM	H2tpp	-236.474962	-0.0
TSM	TMDS	0.000801	0.000801
TSM	Ktex	0.002396	0.002396
TSM	Ktpp	0.002396	0.002396
TSM	MG2tex	0.012498	0.012498
TSM	MG2tpp	0.012498	0.012498
TSM	MN2tex	0.001562	0.001562
TSM	MN2tpp	0.001562	0.001562
TSM	4HBAtpp	1e-06	1e-06
TSM	4HBAtex	1e-06	1e-06
TSM	N2tex	0.266066	0.266066
TSM	N2tpp	0.266066	0.266066
TSM	NH4tex	-0.0	-0.0
TSM	NA1tex	0.00276	0.00276
TSM	NA1tpp	0.007291	0.007291
TSM	O2tex	15.792455	497.438567
TSM	O2tpp	15.792455	497.438567
TSM	Pitex	-0.035527	-0.035527
TSM	PPTtex	-0.0	-0.0
TSM	SO4tex	18.241875	499.901534
TSM	Stex	-0.0	-0.0
TSM	TTTONtex	-0.0	-0.0
TSM	TSULtex	-249.950767	-9.127711
TSM	ZN2tex	0.000104	0.000104
TSM	ZN2tpp	0.000104	0.000104
TSM	Htpp	0.0	0.0
TSM	Htex	18.171704	499.817817
TSM	UPP3S	3e-06	3e-06
TSM	VALTA1	0.037754	0.037754
TSM	CYTAA31	0.0	-0.0
TSM	CYTAA32	0.0	994.861425
TSM	ACCOAC	-999.931912	0.068088
TSM	BIOC1	-0.0	1000.0
TSM	BIOC2	0.0	1000.0
TSM	ACONT1	0.05733	0.05733
TSM	ACONT2	0.05733	0.05733
TSM	ACPS1	-0.0	244.03403
TSM	ACS	0.009609	366.060655
TSM	ADA	-0.018565	999.411436
TSM	DADA	0.0	-0.0
TSM	ADK1	0.116833	732.218924
TSM	ADPT	-366.069609	999.411437
TSM	ADNSE	-3.9e-05	244.033991
TSM	GCALDD	4e-06	4e-06
TSM	ALAR	0.002031	0.002031
TSM	AMPN	0.0	366.051046
TSM	NH4pp	0.0	0.0
TSM	ACGS	0.0	366.051046
TSM	ACGK	0.014806	0.014806
TSM	AGPR	-0.014806	-0.014806
TSM	ACOTA	-0.014806	-0.014806
TSM	OCBT	0.014581	0.014581
TSM	ARGSS	0.014581	0.014581
TSM	ARGSL	0.014581	0.014581
TSM	GLAT	-366.03624	0.014806
TSM	PSCVT	0.016672	0.016672
TSM	DHQS	0.016672	0.016672
TSM	CHORS	0.016672	0.016672
TSM	SHK3D	-0.016672	-0.016672
TSM	DHQT	0.016672	0.016672
TSM	ASAD	-0.056035	-0.056035
TSM	ASNS1	0.014061	0.014061
TSM	ASPTA	-999.558875	-0.128874
TSM	TYRTA	0.007292	0.007292
TSM	ADSR	0.0	332.773678
TSM	UDCPDP	0.001354	0.001354
TSM	CYTBC1	0.0	-0.0
TSM	CYTBD	0.0	994.861425
TSM	AMAOT	-0.0	-0.0
TSM	BTS5	0.0	-0.0
TSM	DBTS	-0.0	-0.0
TSM	AOXS	-0.0	-0.0
TSM	BILG	0.0	-0.0
TSM	CYTBO3	0.0	994.861425
TSM	CBPS	0.030193	0.030193
TSM	CAT	0.007812	234.655919
TSM	PRUK	2.165698	441.514245
TSM	CYTD	-999.994152	-0.0
TSM	DCYTD	0.0	-0.0
TSM	PCYT	0.003828	0.003828
TSM	CFAS190	0.000536	0.000536
TSM	CS	0.05733	0.05733
TSM	CLPNS120	0.000182	0.000182
TSM	CYTK2	-0.0	-0.0
TSM	CYTK1	0.005848	1000.0
TSM	PNTK	3e-06	3e-06
TSM	PTPAT	3e-06	244.034034
TSM	DPCOAK	3e-06	244.034034
TSM	UPP3MT1	1e-06	1e-06
TSM	UPP3MT2	1e-06	1e-06
TSM	CSND	0.0	-0.0
TSM	MAN1PT	2e-05	2e-05
TSM	PMANM	2e-05	2e-05
TSM	CYT1	-0.0	-0.0
TSM	CYT2	-0.0	0.0
TSM	CYTA2	-0.0	-0.0
TSM	HCO3E	-1.901719	-1.901719
TSM	PHFT	1e-06	1e-06
TSM	ADSK	0.008859	332.782537
TSM	SADT	0.008859	1000.0
TSM	SERAT	5e-06	5e-06
TSM	SHBI	1e-06	1e-06
TSM	PAPSR	0.008859	332.782537
TSM	SULR2	-0.008859	-0.008859
TSM	CYSS	5e-06	5e-06
TSM	BPNT	0.008859	332.782537
TSM	SO41tpp	0.0	0.013546
TSM	SO4AA1tpp	0.0	0.013546
TSM	MCTP1A	0.000677	0.000677
TSM	DHDPS	0.018539	0.018539
TSM	DHDPRy	-0.018539	-0.018539
TSM	THDPS	0.018539	0.018539
TSM	SDPDS	0.018539	0.018539
TSM	DAPE	0.018539	0.018539
TSM	DCTPD	0.0	0.000801
TSM	ALAALAr	0.001354	0.001354
TSM	PUNP1	-999.411475	244.052556
TSM	PUNP2	-546.214341	1000.0
TSM	PUNP3	-1000.0	1000.0
TSM	PUNP4	-0.0	-0.0
TSM	PPCDC	3e-06	3e-06
TSM	PPNCL2	3e-06	3e-06
TSM	NTPTP1	0.0	-0.0
TSM	DUTPDP	0.000801	0.000801
TSM	DOXRI	-1.7e-05	-1.7e-05
TSM	DOXS	1.9e-05	1.9e-05
TSM	DDGPA	-0.0	-0.0
TSM	PGDH	0.0	-0.0
TSM	MTROI	3.8e-05	3.8e-05
TSM	ENO	0.52764	0.52764
TSM	E4PD	1e-06	1e-06
TSM	T2DECAI	0.004363	0.004363
TSM	MACPD	0.0	0.0
TSM	3OAS1	0.008986	0.008986
TSM	3OAS2	0.004363	0.004363
TSM	3OAS3	0.004363	0.004363
TSM	3OAS4	0.002756	0.002756
TSM	3OAS5	0.000919	0.000919
TSM	3OAS6	0.000842	0.000842
TSM	3OAS7	0.000536	0.000536
TSM	3OAS8	0.008986	0.008986
TSM	3OAS9	0.008986	0.008986
TSM	3OAS10	0.004623	0.004623
TSM	3OAS11	0.003635	0.003635
TSM	3OAS12	0.000995	0.000995
TSM	3OAS13	0.000153	0.000153
TSM	3OAS14	-0.0	-0.0
TSM	3OAS15	0.004363	0.004363
TSM	MCOATA	0.068088	0.068088
TSM	3OAR1	0.008986	0.008986
TSM	3OAR2	0.004363	0.004363
TSM	3OAR3	0.004363	0.004363
TSM	3OAR4	0.004363	0.004363
TSM	3OAR5	0.002756	0.002756
TSM	3OAR6	0.000919	0.000919
TSM	3OAR7	0.000919	0.000919
TSM	3OAR8	0.000842	0.000842
TSM	3OAR9	0.000536	0.000536
TSM	3OAR10	0.008986	0.008986
TSM	3OAR11	0.008986	0.008986
TSM	3OAR12	0.008986	0.008986
TSM	3OAR13	0.004623	0.004623
TSM	3OAR14	0.003635	0.003635
TSM	3OAR15	0.000995	0.000995
TSM	3OAR16	0.000153	0.000153
TSM	3OAR17	-0.0	-0.0
TSM	ACOATA	0.008986	0.008986
TSM	3OAS27	0.008986	0.008986
TSM	3OAS28	0.000919	0.000919
TSM	EAR1	0.008986	0.008986
TSM	EAR2	0.004363	0.004363
TSM	EAR3	0.004363	0.004363
TSM	EAR4	0.004363	0.004363
TSM	EAR5	0.002756	0.002756
TSM	EAR6	0.000919	0.000919
TSM	EAR7	0.000919	0.000919
TSM	EAR8	0.000689	0.000689
TSM	EAR9	-0.0	-0.0
TSM	EAR10	0.008986	0.008986
TSM	EAR11	0.008986	0.008986
TSM	EAR12	0.004623	0.004623
TSM	EAR13	0.004623	0.004623
TSM	EAR14	0.00137	0.00137
TSM	EAR15	0.000995	0.000995
TSM	EAR16	0.000153	0.000153
TSM	EAR17	-0.0	-0.0
TSM	BHAH1	0.008986	0.008986
TSM	BHAH2	0.004363	0.004363
TSM	BHAH3	0.004363	0.004363
TSM	BHAH4	0.004363	0.004363
TSM	BHAH5	0.002756	0.002756
TSM	BHAH6	0.000919	0.000919
TSM	BHAH7	0.000919	0.000919
TSM	BHAH8	0.000842	0.000842
TSM	BHAH9	0.000536	0.000536
TSM	BHAH10	0.008986	0.008986
TSM	BHAH11	0.008986	0.008986
TSM	BHAH12	0.008986	0.008986
TSM	BHAH13	0.004623	0.004623
TSM	BHAH14	0.00137	0.00137
TSM	BHAH15	0.000995	0.000995
TSM	BHAH16	0.000153	0.000153
TSM	BHAH17	-0.0	-0.0
TSM	FBA	-1000.0	732.102091
TSM	FBA3	-998.506239	733.595853
TSM	GFUCS	-0.0	0.0
TSM	FE2tpp	0.0	0.003492
TSM	FE3tpp	0.003489	0.003489
TSM	DHFR	-0.000805	-0.000805
TSM	DHNPA2	4e-06	4e-06
TSM	DHFS	4e-06	4e-06
TSM	MTHFD1	-999.231095	292.9405
TSM	MTHFD2	0.0	1000.0
TSM	MTHFC	0.041468	292.9405
TSM	GTPCI	4e-06	4e-06
TSM	HPPK2	4e-06	4e-06
TSM	DHPS2	4e-06	4e-06
TSM	FUM	-999.458172	-0.028171
TSM	ALDEP	-122.017015	-0.0
TSM	GALU	-0.0	-0.0
TSM	GAPD1	0.0	735.989044
TSM	GAPD2	0.0	634.218878
TSM	GLUCYS	1e-06	1e-06
TSM	GTHS	1e-06	1e-06
TSM	GLXR	0.0	469.296212
TSM	GLXCL	-0.079015	42.663294
TSM	GLYCH	4e-06	469.296216
TSM	DGPE	-1000.0	999.990289
TSM	GLCS1	0.007811	488.075872
TSM	GLBRAN1	0.007811	1000.0
TSM	GLGC	0.007811	488.075872
TSM	GLCP	-0.0	122.017015
TSM	GLDBRAN2	0.0	999.992189
TSM	BDGK	-0.0	244.03403
TSM	DGAMK	2e-05	2e-05
TSM	PGAMT	-0.003458	-0.003458
TSM	GF6PTA	0.003478	0.003478
TSM	G1PACT	0.003458	0.003458
TSM	UAGDP	0.003458	0.003458
TSM	GLNS	0.0	332.822271
TSM	GLYK	0.000182	0.000182
TSM	FBP	0.0	1000.0
TSM	GLUSy	0.412561	1000.0
TSM	GLUTRS	2.5e-05	2.5e-05
TSM	GLYCK	-0.079015	42.663294
TSM	TRSAR	-42.663294	0.079015
TSM	GHMT2	0.048195	146.497711
TSM	GMAND	-0.0	0.0
TSM	S7PI	6e-05	6e-05
TSM	GMHEPPA	6e-05	6e-05
TSM	GK1	0.008443	0.008443
TSM	AGAD	0.00075	0.00075
TSM	UACAA	0.00075	0.00075
TSM	PGLYCP	-0.0	85.326584
TSM	PGM1	0.52764	0.52764
TSM	G3PD2	0.005359	0.005359
TSM	GSNK	-1000.0	1000.0
TSM	XPPT	0.0	732.110534
TSM	GMPS2	0.008443	732.110534
TSM	IMPD	0.0	732.110534
TSM	GUAD	0.0	732.102091
TSM	GLUTRR	2.5e-05	2.5e-05
TSM	PPBNGS	1.2e-05	1.2e-05
TSM	HMBS	3e-06	3e-06
TSM	UPPDC1	2e-06	2e-06
TSM	CPPPGO1	3e-06	3e-06
TSM	PPPGO	2e-06	2e-06
TSM	FCLT	2e-06	2e-06
TSM	G1SAT	2.5e-05	2.5e-05
TSM	CPPPGO2	-1e-06	-1e-06
TSM	PRMICI	0.012498	0.012498
TSM	IGPDH	0.012498	0.012498
TSM	HSTPT	0.012498	0.012498
TSM	HISTD1	0.012498	0.012498
TSM	HISTD2	0.012498	0.012498
TSM	IG3PS	0.012498	0.012498
TSM	PRATPP	0.012498	0.012498
TSM	PRAMPC	0.012498	0.012498
TSM	ATPPRT	-0.012498	-0.012498
TSM	HXPRT	0.0	1000.0
TSM	GUAPRT	-1000.0	1000.0
TSM	HYD1pp	0.0	236.474962
TSM	HYD3pp	0.0	236.474962
TSM	HYD4	0.0	236.208896
TSM	ICDHyr	0.05733	0.05733
TSM	ICITRED	-0.0	-0.0
TSM	THRD_L	0.015102	0.015102
TSM	ACLS	0.047913	0.047913
TSM	ACHBS	0.015102	0.015102
TSM	KARA1	-0.047913	-0.047913
TSM	DPR	-3e-06	-3e-06
TSM	KARA2	0.015102	0.015102
TSM	DHAD1	0.047913	0.047913
TSM	DHAD2	0.015102	0.015102
TSM	VALTA2	-0.059106	-0.059106
TSM	ILETA	-0.015102	-0.015102
TSM	LEUTA	-0.026559	-0.026559
TSM	CYSDSS	1e-06	1e-06
TSM	GRTT	3e-06	3e-06
TSM	DMATT	3e-06	3e-06
TSM	OCTDPS	1e-06	1e-06
TSM	MEPCT	1.7e-05	1.7e-05
TSM	CDPMEK	1.7e-05	1.7e-05
TSM	MECDPS	1.7e-05	1.7e-05
TSM	MBDR	1.7e-05	1.7e-05
TSM	IPDPS	0.0	1.7e-05
TSM	DMPPS	0.0	1.7e-05
TSM	KDOPS	0.003999	0.003999
TSM	KDOCT2	0.003999	0.003999
TSM	KDOPP	0.003999	0.003999
TSM	KDOCT	0.002	0.002
TSM	KDOCT3	0.002	0.002
TSM	IPPS	0.026559	0.026559
TSM	IPMD	0.026559	0.026559
TSM	IPPMIa	0.026559	0.026559
TSM	GHMT3	0.005042	146.454558
TSM	UAGAAT	0.00075	0.00075
TSM	LPADSS	0.000375	0.000375
TSM	UAAD	0.00075	0.00075
TSM	UAAA	0.00075	0.00075
TSM	UHGA	0.000375	0.000375
TSM	TDSK	0.000375	0.000375
TSM	LDAS	0.000375	0.000375
TSM	LIPS	0.000375	0.000375
TSM	RHCCE	0.0	-0.0
TSM	DAPDC	0.017185	0.017185
TSM	MTRP	-0.0	122.017015
TSM	AMALT1	-0.0	122.017015
TSM	MTRG	0.0	122.017015
TSM	MALS	0.0	0.158033
TSM	MAN6PI	2e-05	2e-05
TSM	MDH	0.028171	999.616206
TSM	HACT	0.008854	0.008854
TSM	MTHPTGHM	-0.0	-0.0
TSM	MTHFR3	0.010964	0.010964
TSM	METS	0.010963	0.010963
TSM	METAT	0.0	244.03403
TSM	HSDy	-0.037496	-0.037496
TSM	HSERTA	0.008854	0.008854
TSM	HCYSMT	-0.002148	244.031883
TSM	PAPPT3	0.001354	0.001354
TSM	PGLT	0.000677	0.000677
TSM	MTAP	3.8e-05	3.8e-05
TSM	AHCYSNS	0.0	-0.0
TSM	UAGCVT	0.001354	0.001354
TSM	UAPGR	-0.001354	-0.001354
TSM	UAMAS	0.001354	0.001354
TSM	UAMAGS	0.001354	0.001354
TSM	UAAGDS	0.001354	0.001354
TSM	UGLDDS	0.001354	0.001354
TSM	UCMAT	0.001354	0.001354
TSM	GLUR	0.001354	0.001354
TSM	QULNS	1.2e-05	1.2e-05
TSM	ASPO6	0.0	1.2e-05
TSM	ASPO5	0.0	1.2e-05
TSM	NNDPR	1.2e-05	1.2e-05
TSM	NNAT	1.2e-05	1.2e-05
TSM	NADS2	0.0	1.2e-05
TSM	NADS1	0.0	1.2e-05
TSM	NDPK3	0.003901	999.998854
TSM	NDPK8	0.000781	0.000781
TSM	NDPK7	0.001146	0.001947
TSM	NDPK5	0.001146	0.001146
TSM	NDPK4	0.002681	0.002681
TSM	NDPK6	-0.0	0.000801
TSM	NDPK1	0.007317	1000.0
TSM	NDPK2	-999.975884	0.01907
TSM	NITF	0.266066	0.266066
TSM	RNDR1	0.000781	0.000781
TSM	RNDR3	0.001146	0.001947
TSM	RNDR2	0.001146	0.001146
TSM	RNDR4	0.0	0.000801
TSM	ADCS	4e-06	4e-06
TSM	ADCL	4e-06	4e-06
TSM	MOHMT	3e-06	3e-06
TSM	PANTS	3e-06	3e-06
TSM	ASP1DC	3e-06	3e-06
TSM	PDH	0.163673	0.321706
TSM	THPDH	1e-06	1e-06
TSM	PERD	1e-06	1e-06
TSM	PYAM5PO	-0.0	-0.0
TSM	PDX5PO	1e-06	1e-06
TSM	PDX5PS	1e-06	1e-06
TSM	PMEAS	0.001567	0.001567
TSM	AMPTASECG	-0.0	-0.0
TSM	PFK	0.0	732.102091
TSM	PGI1	-0.009711	-0.009711
TSM	PGK	3.741466	735.989044
TSM	PGL	-0.0	-0.0
TSM	PGMT	-1000.0	999.990289
TSM	PGMT2	-1000.0	999.990289
TSM	PGPP120	0.001713	0.001713
TSM	PGSA	0.001713	0.001713
TSM	CHORM	0.016665	0.016665
TSM	PPNDH	0.009374	0.009374
TSM	PPTtpp	0.0	0.0
TSM	PYDXK2	-0.0	-0.0
TSM	G3PAT1	0.003828	0.003828
TSM	G3PAT2	0.003828	0.003828
TSM	NADTRHD	0.0	1000.0
TSM	PPA	0.160359	732.26245
TSM	PPC	0.0	0.158033
TSM	PPK2	0.0	-0.0
TSM	NADK	3e-06	732.102094
TSM	P5CR	-0.014061	-0.014061
TSM	G5SD	-0.014061	-0.014061
TSM	GLU5K	0.014061	0.014061
TSM	PRPPS	0.042671	366.093716
TSM	PSD120	0.002114	0.002114
TSM	PSSA120	0.002114	0.002114
TSM	Pitpp	0.035527	0.035527
TSM	ADSS	0.0	999.430001
TSM	ADSL1	-0.0	999.430001
TSM	ADSL2	0.014509	0.014509
TSM	PRASCS	0.014509	0.014509
TSM	PRAGS	0.01451	0.01451
TSM	AIRC	-0.014509	-0.014509
TSM	GLUPRT	0.01451	0.01451
TSM	AICART	0.027007	0.027007
TSM	IMPC	-0.027007	-0.027007
TSM	PRFGS	0.01451	0.01451
TSM	PRAIS	0.01451	0.01451
TSM	GARFT	-999.98549	0.01451
TSM	GART	0.0	1000.0
TSM	FTHFD	0.0	732.102091
TSM	PYK	0.33091	0.488943
TSM	ASPCT	0.015612	0.015612
TSM	DHORTS	0.015612	0.015612
TSM	DHORD	0.015612	0.015612
TSM	ORPT	0.015612	0.015612
TSM	OMPDC	0.015612	0.015612
TSM	CTPS2	-999.984237	0.010716
TSM	URIDK	-999.976812	0.017341
TSM	UPPRT	-0.0	1000.0
TSM	PYDAMK	-0.0	-0.0
TSM	HKDOS	0.002	0.002
TSM	AGMHE	6e-05	6e-05
TSM	GMHEPK	6e-05	6e-05
TSM	GMHEPAT	6e-05	6e-05
TSM	G1PTT	0.0019	0.0019
TSM	TDPGDH	0.00086	0.00086
TSM	TDPDRE1	-0.0	0.00086
TSM	TDPDRE2	0.0	0.00086
TSM	TDPDRR	0.0	0.00086
TSM	GTPCII2	2e-06	2e-06
TSM	DB4PS	4e-06	4e-06
TSM	DHPPDA	2e-06	2e-06
TSM	APRAUR	-2e-06	-2e-06
TSM	RBFS	2e-06	2e-06
TSM	FMNAT	1e-06	1e-06
TSM	RBFK1	1e-06	1e-06
TSM	RBFS2	4e-06	4e-06
TSM	RPE	-294.379524	-1.480492
TSM	RPI	0.689209	147.138725
TSM	SFAT1	0.0	999.991141
TSM	SFAT2	0.0	732.102091
TSM	MMM	-0.000919	-0.000919
TSM	SBPASE	-998.506239	733.595853
TSM	SUCD	0.000907	0.000919
TSM	SULDO	-0.0	-0.0
TSM	PGCD	0.062292	146.511808
TSM	PSP_L	0.062292	146.511808
TSM	PSERT	-146.511808	-0.062292
TSM	OHPBAT	1e-06	1e-06
TSM	MTOD	3.8e-05	3.8e-05
TSM	DKMPE	3.8e-05	3.8e-05
TSM	HKMPP	3.8e-05	3.8e-05
TSM	AREDO	3.8e-05	3.8e-05
TSM	KMBT	3.8e-05	3.8e-05
TSM	SCCR	0.0	0.0
TSM	ORNDC	0.000224	0.000224
TSM	SPMS	3.8e-05	3.8e-05
TSM	GAP2	-1000.0	999.990289
TSM	SQRED1	0.0	0.0
TSM	SUCOAS	0.019458	0.019458
TSM	SO42tpp	0.0	0.013546
TSM	NADPPPS	0.0	732.102091
TSM	THMP	-0.0	-0.0
TSM	TALA	-999.238178	732.863913
TSM	TMDK1	0.0	-0.0
TSM	TMDK2	0.0	-0.0
TSM	AMPMS	1e-06	1e-06
TSM	HMPK1	1e-06	1e-06
TSM	PMPK	1e-06	1e-06
TSM	TMPPP	1e-06	1e-06
TSM	TTMS	1e-06	1e-06
TSM	HETZK	-0.0	-0.0
TSM	TMPK	1e-06	1e-06
TSM	HMSK	0.028642	0.028642
TSM	THRS	0.028642	0.028642
TSM	TTSF	-0.0	-0.0
TSM	TKT1	-147.198128	-0.748613
TSM	TKT2	0.73188	147.181395
TSM	DTMPK	0.000801	0.000801
TSM	FE32tpp	0.003489	0.003489
TSM	TPI	1.499133	294.398164
TSM	TSQOC	36.510843	999.803068
TSM	TRPS3	-0.0	-0.0
TSM	TRPS2	-0.0	-0.0
TSM	IGPS	-0.0	-0.0
TSM	ANPRT	0.0	-0.0
TSM	PRAI	-0.0	-0.0
TSM	TRDR	0.004986	332.778663
TSM	PPND	0.007292	0.007292
TSM	PHETA1	-0.009374	-0.009374
TSM	HBPPT	1e-06	1e-06
TSM	OPHHX	1e-06	1e-06
TSM	OPHBDC	1e-06	1e-06
TSM	OMMBH	1e-06	1e-06
TSM	DUQM	1e-06	1e-06
TSM	OHPHM	1e-06	1e-06
TSM	OMPHHX	1e-06	1e-06
TSM	OMBQM	1e-06	1e-06
TSM	URIK1	0.0	1000.0
TSM	CYTDK2	0.0	851.461536
TSM	URIK2	0.0	999.992683
TSM	URIP	-1000.0	-0.0
TSM	UDPGD	-0.0	-0.0
TSM	UGDC	-0.0	-0.0
TSM	DTDCT	-0.0	-0.0
TSM	UDDS	1e-06	1e-06
TSM	HXAND	-732.102091	0.008443
TSM	XAND	0.0	-0.0
TSM	ACPpds	0.0	244.03403
TSM	MMCD	0.000919	0.000919
TSM	G6PDH2	0.0	-0.0
TSM	SO4AA2tpp	-0.013546	-0.0
TSM	Ex_bio[e]	0.052076	0.052076
TSM	Ex_h2co3[e]	-2.0	-2.0
TSM	Ex_h[e]	18.171704	499.817817
TSM	Ex_h2[e]	0.0	0.0
TSM	Ex_fe3[e]	-0.003489	-0.003489
TSM	Ex_fe2[e]	-0.003492	-0.003492
TSM	Ex_nh4[e]	0.0	0.0
TSM	Ex_o2[e]	-497.438567	-15.792455
TSM	Ex_h2o[e]	-249.753835	-8.930778
TSM	Ex_eps_AFE[e]	-0.0	-0.0
TSM	Ex_n2[e]	-0.266066	-0.266066
TSM	Ex_zn2[e]	-0.000104	-0.000104
TSM	Ex_ca2[e]	-0.004531	-0.004531
TSM	Ex_na1[e]	-0.00276	-0.00276
TSM	Ex_mn2[e]	-0.001562	-0.001562
TSM	Ex_cu2[e]	-5.2e-05	-5.2e-05
TSM	Ex_mg2[e]	-0.012498	-0.012498
TSM	Ex_k[e]	-0.002396	-0.002396
TSM	Ex_pi[e]	-0.035527	-0.035527
TSM	Ex_4hba[e]	1e-06	1e-06
TSM	Ex_h2s[e]	0.0	0.0
TSM	Ex_s[e]	0.0	0.0
TSM	Ex_so4[e]	18.241875	499.901534
TSM	Ex_tsul[e]	-249.950767	-9.127711
TSM	Ex_ttton[e]	0.0	0.0
TSM	Ex_ppt[e]	0.0	0.0
TSM	Ex_polypi[e]	-0.0	0.0
TSM	Ex_so4aa[e]	-0.013546	-0.0
TSM	Ex_glc-B[e]	0.0	0.0
TSM	GLCtex	-0.0	-0.0
TSM	GLCtpp	-0.0	-0.0
