transport	condition	glucose_cap	glucose_uptake	min_co2_uptake	reference_co2_uptake	co2_saving_pct	donor_match	o2_match	biomass_match
T0	FIM	0.0	-0.0	2.0	2.0	0.0	0.0	0.0	0.0
T0	FIM	0.05	-0.05	1.7	2.0	15.0	0.0	0.0	0.0
T0	FIM	0.1	-0.1	1.5580468	2.0	22.097661	0.0	0.0	0.0
T0	FIM	0.25	-0.25	1.3907383	2.0	30.463084	0.0	0.0	0.0
T0	FIM	0.5	-0.5	1.1118909	2.0	44.405457	0.0	0.0	0.0
T0	FIM	1.0	-0.9952535	0.5594902	2.0	72.025492	0.0	0.0	0.0
T0	FIM	2.0	-0.9952535	0.5594902	2.0	72.025492	0.0	0.0	0.0
T0	FIM	5.0	-0.9952535	0.5594902	2.0	72.025492	0.0	0.0	0.0
T0	TTM	0.0	-0.0	2.0	2.0	0.0	0.0	0.0	0.0
T0	TTM	0.05	-0.0	2.0	2.0	0.0	0.0	0.0	0.0
T0	TTM	0.1	-0.0	2.0	2.0	0.0	0.0	0.0	0.0
T0	TTM	0.25	-0.0	2.0	2.0	0.0	0.0	0.0	0.0
T0	TTM	0.5	-0.0	2.0	2.0	0.0	0.0	0.0	0.0
T0	TTM	1.0	-0.0	2.0	2.0	0.0	0.0	0.0	0.0
T0	TTM	2.0	-0.0	2.0	2.0	0.0	0.0	0.0	0.0
T0	TTM	5.0	-0.0	2.0	2.0	0.0	0.0	0.0	0.0
T0	TSM	0.0	-0.0	2.0	2.0	0.0	0.0	0.0	0.0
T0	TSM	0.05	0.0	2.0	2.0	-0.0	0.0	0.0	0.0
T0	TSM	0.1	0.0	2.0	2.0	-0.0	0.0	0.0	0.0
T0	TSM	0.25	0.0	2.0	2.0	-0.0	0.0	0.0	0.0
T0	TSM	0.5	0.0	2.0	2.0	-0.0	0.0	0.0	0.0
T0	TSM	1.0	0.0	2.0	2.0	-0.0	0.0	0.0	0.0
T0	TSM	2.0	0.0	2.0	2.0	-0.0	0.0	0.0	0.0
T0	TSM	5.0	0.0	2.0	2.0	-0.0	0.0	0.0	0.0
TH	FIM	0.0	-0.0	2.0	2.0	0.0	0.0	0.0	0.0
TH	FIM	0.05	-0.05	1.7	2.0	15.0	0.0	0.0	0.0
TH	FIM	0.1	-0.1	1.5663258	2.0	21.683711	0.0	0.0	0.0
TH	FIM	0.25	-0.25	1.4114358	2.0	29.428209	0.0	0.0	0.0
TH	FIM	0.5	-0.5	1.1532859	2.0	42.335707	0.0	0.0	0.0
TH	FIM	1.0	-0.7303506	0.9154259	2.0	54.228704	0.0	0.0	0.0
TH	FIM	2.0	-0.7303506	0.9154259	2.0	54.228704	0.0	0.0	0.0
TH	FIM	5.0	-0.7303506	0.9154259	2.0	54.228704	0.0	0.0	0.0
TH	TTM	0.0	-0.0	2.0	2.0	0.0	0.0	0.0	0.0
TH	TTM	0.05	-0.0	2.0	2.0	0.0	0.0	0.0	0.0
TH	TTM	0.1	-0.0	2.0	2.0	0.0	0.0	0.0	0.0
TH	TTM	0.25	-0.0	2.0	2.0	0.0	0.0	0.0	0.0
TH	TTM	0.5	-0.0	2.0	2.0	0.0	0.0	0.0	0.0
TH	TTM	1.0	-0.0	2.0	2.0	0.0	0.0	0.0	0.0
TH	TTM	2.0	-0.0	2.0	2.0	0.0	0.0	0.0	0.0
TH	TTM	5.0	-0.0	2.0	2.0	0.0	0.0	0.0	0.0
TH	TSM	0.0	-0.0	2.0	2.0	0.0	0.0	0.0	0.0
TH	TSM	0.05	0.0	2.0	2.0	-0.0	0.0	0.0	0.0
TH	TSM	0.1	0.0	2.0	2.0	-0.0	0.0	0.0	0.0
TH	TSM	0.25	0.0	2.0	2.0	-0.0	0.0	0.0	0.0
TH	TSM	0.5	0.0	2.0	2.0	-0.0	0.0	0.0	0.0
TH	TSM	1.0	0.0	2.0	2.0	-0.0	0.0	0.0	0.0
TH	TSM	2.0	0.0	2.0	2.0	-0.0	0.0	0.0	0.0
TH	TSM	5.0	0.0	2.0	2.0	-0.0	0.0	0.0	0.0
