reaction_id	gpr	gene_count	unique_genes	malformed_boolean	note
3OAR1	AFE_1908	1	AFE_1908	False	
3OAR10	AFE_1908	1	AFE_1908	False	
3OAR11	AFE_1908	1	AFE_1908	False	
3OAR12	AFE_1908	1	AFE_1908	False	
3OAR13	AFE_1908	1	AFE_1908	False	
3OAR14	AFE_1908	1	AFE_1908	False	
3OAR15	AFE_1908	1	AFE_1908	False	
3OAR16	AFE_1908	1	AFE_1908	False	
3OAR17	AFE_1908	1	AFE_1908	False	
3OAR2	AFE_1908	1	AFE_1908	False	
3OAR3	AFE_1908	1	AFE_1908	False	
3OAR4	AFE_1908	1	AFE_1908	False	
3OAR5	AFE_1908	1	AFE_1908	False	
3OAR6	AFE_1908	1	AFE_1908	False	
3OAR7	AFE_1908	1	AFE_1908	False	
3OAR8	AFE_1908	1	AFE_1908	False	
3OAR9	AFE_1908	1	AFE_1908	False	
3OAS1	(AFE_0796 or AFE_1910)	2	AFE_0796,AFE_1910	False	
3OAS10	(AFE_0796 or AFE_1910)	2	AFE_0796,AFE_1910	False	
3OAS11	(AFE_0796 or AFE_1910)	2	AFE_0796,AFE_1910	False	
3OAS12	(AFE_0796 or AFE_1910)	2	AFE_0796,AFE_1910	False	
3OAS13	(AFE_0796 or AFE_1910)	2	AFE_0796,AFE_1910	False	
3OAS14	(AFE_0796 or AFE_1910)	2	AFE_0796,AFE_1910	False	
3OAS15	(AFE_0796 or AFE_1910)	2	AFE_0796,AFE_1910	False	
3OAS2	(AFE_0796 or AFE_1910)	2	AFE_0796,AFE_1910	False	
3OAS27	AFE_1906	1	AFE_1906	False	
3OAS28	AFE_1906	1	AFE_1906	False	
3OAS3	(AFE_0796 or AFE_1910)	2	AFE_0796,AFE_1910	False	
3OAS4	(AFE_0796 or AFE_1910)	2	AFE_0796,AFE_1910	False	
3OAS5	(AFE_0796 or AFE_1910)	2	AFE_0796,AFE_1910	False	
3OAS6	(AFE_0796 or AFE_1910)	2	AFE_0796,AFE_1910	False	
3OAS7	(AFE_0796 or AFE_1910)	2	AFE_0796,AFE_1910	False	
3OAS8	(AFE_0796 or AFE_1910)	2	AFE_0796,AFE_1910	False	
3OAS9	(AFE_0796 or AFE_1910)	2	AFE_0796,AFE_1910	False	
4HBAtex		0		False	empty
4HBAtpp		0		False	empty
4THASE1	AFE_0029	1	AFE_0029	False	
4THASE2	AFE_0029	1	AFE_0029	False	
5OXOP		0		False	empty
A5PISO	AFE_3030	1	AFE_3030	False	
ACCOAC	(AFE_1462 or AFE_0196 or AFE_0195 or AFE_2067)	4	AFE_0195,AFE_0196,AFE_1462,AFE_2067	False	
ACGK	AFE_0256	1	AFE_0256	False	
ACGS	AFE_0664	1	AFE_0664	False	
ACHBS	(AFE_0745 and AFE_0746)	2	AFE_0745,AFE_0746	False	
ACLS	(AFE_0745 and AFE_0746)	2	AFE_0745,AFE_0746	False	
ACOATA		0		False	empty
ACODA		0		False	empty
ACONT1	AFE_0423	1	AFE_0423	False	
ACONT2	AFE_0423	1	AFE_0423	False	
ACOTA	AFE_0406	1	AFE_0406	False	
ACPS1	AFE_1404	1	AFE_1404	False	
ACPpds		0		False	empty
ACS	AFE_1969	1	AFE_1969	False	
ADA	AFE_0773	1	AFE_0773	False	
ADCL	AFE_1911	1	AFE_1911	False	
ADCS	(AFE_3244 and AFE_0576)	2	AFE_0576,AFE_3244	False	
ADK1	AFE_0348	1	AFE_0348	False	
ADMDC	AFE_0157	1	AFE_0157	False	
ADNSE	AFE_0534	1	AFE_0534	False	
ADPT	AFE_0540	1	AFE_0540	False	
ADSK	AFE_0539 	1	AFE_0539	False	
ADSL1	AFE_2356	1	AFE_2356	False	
ADSL2	AFE_2356	1	AFE_2356	False	
ADSR		0		False	empty
ADSS	AFE_1889	1	AFE_1889	False	
AGAD	AFE_1457	1	AFE_1457	False	
AGMHE	AFE_1967	1	AFE_1967	False	
AGPR	AFE_3073	1	AFE_3073	False	
AHCYSNS	AFE_2123	1	AFE_2123	False	
AICART	AFE_2260	1	AFE_2260	False	
AIRC	(AFE_0273 and AFE_0272)	2	AFE_0272,AFE_0273	False	
ALAALAr	AFE_0203	1	AFE_0203	False	
ALAR	AFE_2818	1	AFE_2818	False	
ALDEP		0		False	empty
AMALT1	AFE_2840	1	AFE_2840	False	
AMAOT	AFE_1924	1	AFE_1924	False	
AMPMS	AFE_0948	1	AFE_0948	False	
AMPN		0		False	empty
AMPTASECG	AFE_1873	1	AFE_1873	False	
ANPRT	AFE_3243	1	AFE_3243	False	
ANSYN	(AFE_3244 and AFE_3245)	2	AFE_3244,AFE_3245	False	
AOXS	(AFE_3011 or AFE_0243)	2	AFE_0243,AFE_3011	False	
APRAUR	AFE_0297	1	AFE_0297	False	
AREDO	AFE_0433	1	AFE_0433	False	
ARGDC	AFE_1417	1	AFE_1417	False	
ARGSL	AFE_3277	1	AFE_3277	False	
ARGSS	AFE_0404	1	AFE_0404	False	
ASAD	AFE_2074	1	AFE_2074	False	
ASNS1	AFE_1353	1	AFE_1353	False	
ASP1DC	AFE_3089	1	AFE_3089	False	
ASPCT	AFE_3059	1	AFE_3059	False	
ASPK	AFE_0407	1	AFE_0407	False	
ASPO5	AFE_1392	1	AFE_1392	False	
ASPO6	AFE_1392	1	AFE_1392	False	
ASPTA	AFE_2022	1	AFE_2022	False	
ATPM		0		False	empty
ATPPRT	(AFE_1888 and AFE_3040)	2	AFE_1888,AFE_3040	False	
ATPS5rpp	(AFE_3205 and AFE_3209 and AFE_3202 and AFE_3203 and AFE_3208 and AFE_3207 and AFE_3204 and AFE_3206)	8	AFE_3202,AFE_3203,AFE_3204,AFE_3205,AFE_3206,AFE_3207,AFE_3208,AFE_3209	False	
Afe_biomass_mc507_WT_139p0M		0		False	empty
BDGK		0		False	empty
BHAH1	AFE_1455	1	AFE_1455	False	
BHAH10	AFE_1455	1	AFE_1455	False	
BHAH11	AFE_1455	1	AFE_1455	False	
BHAH12	AFE_1455	1	AFE_1455	False	
BHAH13	AFE_1455	1	AFE_1455	False	
BHAH14	AFE_1455	1	AFE_1455	False	
BHAH15	AFE_1455	1	AFE_1455	False	
BHAH16	AFE_1455	1	AFE_1455	False	
BHAH17	AFE_1455	1	AFE_1455	False	
BHAH2	AFE_1455	1	AFE_1455	False	
BHAH3	AFE_1455	1	AFE_1455	False	
BHAH4	AFE_1455	1	AFE_1455	False	
BHAH5	AFE_1455	1	AFE_1455	False	
BHAH6	AFE_1455	1	AFE_1455	False	
BHAH7	AFE_1455	1	AFE_1455	False	
BHAH8	AFE_1455	1	AFE_1455	False	
BHAH9	AFE_1455	1	AFE_1455	False	
BILG	AFE_0453	1	AFE_0453	False	
BIOC1	(AFE_1462 and AFE_2067 and AFE_0196 and AFE_0195)	4	AFE_0195,AFE_0196,AFE_1462,AFE_2067	False	
BIOC2	(AFE_0196 and AFE_0195)	2	AFE_0195,AFE_0196	False	
BIOMASStex		0		False	empty
BIOMASStpp		0		False	empty
BPNT	AFE_2973	1	AFE_2973	False	
BTS5	AFE_0259	1	AFE_0259	False	
CA2tex		0		False	empty
CA2tpp	AFE_0587	1	AFE_0587	False	
CAT		0		False	empty
CBPS	(AFE_0640 and AFE_0639)	2	AFE_0639,AFE_0640	False	
CDPMEK	AFE_2764	1	AFE_2764	False	
CFAS190	AFE_2929	1	AFE_2929	False	
CHORM	AFE_0897	1	AFE_0897	False	
CHORS	AFE_1972	1	AFE_1972	False	
CHRPL	AFE_0593 	1	AFE_0593	False	
CLPNS120	AFE_1740	1	AFE_1740	False	
CPPPGO1	AFE_2263	1	AFE_2263	False	
CPPPGO2	(AFE_0134 or AFE_2346)	2	AFE_0134,AFE_2346	False	
CS	AFE_3065	1	AFE_3065	False	
CSND		0		False	empty
CTPS2	AFE_0847	1	AFE_0847	False	
CU2tex		0		False	empty
CU2tpp	(AFE_0920 or AFE_0105)	2	AFE_0105,AFE_0920	False	
CYSDSS	(AFE_0674 and AFE_1537 and AFE_1507 and AFE_0673)	4	AFE_0673,AFE_0674,AFE_1507,AFE_1537	False	
CYSS	AFE_2832	1	AFE_2832	False	
CYT1	(AFE_3152 and AFE_3146)	2	AFE_3146,AFE_3152	False	
CYT2	(AFE_3153)	1	AFE_3153	False	
CYTA2	(AFE_3107 and AFE_3146)	2	AFE_3107,AFE_3146	False	
CYTAA31	(AFE_3149 and AFE_3150 and AFE_3148 and AFE_3147)	4	AFE_3147,AFE_3148,AFE_3149,AFE_3150	False	
CYTAA32	AFE_0378	1	AFE_0378	False	
CYTBC1	((AFE_3108 and AFE_3109 and AFE_3110 and AFE_3111) or (AFE_2729 and AFE_2730 and AFE_2731))	7	AFE_2729,AFE_2730,AFE_2731,AFE_3108,AFE_3109,AFE_3110,AFE_3111	False	
CYTBD	(AFE_0955 and AFE_0954)	2	AFE_0954,AFE_0955	False	
CYTBO3	(AFE_0631 and AFE_0632 and AFE_0633 and AFE_0634)	4	AFE_0631,AFE_0632,AFE_0633,AFE_0634	False	
CYTD		0		False	empty
CYTDK1		0		False	empty
CYTDK2		0		False	empty
CYTK1	AFE_0902	1	AFE_0902	False	
CYTK2	AFE_0902	1	AFE_0902	False	
CYTRED	(AFE_2727 and AFE_2728 and AFE_2729 and AFE_2730 and AFE_2731)	5	AFE_2727,AFE_2728,AFE_2729,AFE_2730,AFE_2731	False	
DADA	AFE_0773	1	AFE_0773	False	
DAPDC	AFE_3279	1	AFE_3279	False	
DAPE	AFE_2743	1	AFE_2743	False	
DB4PS	(AFE_1494 or AFE_0299)	2	AFE_0299,AFE_1494	False	
DBTS	(AFE_1675 or AFE_0246)	2	AFE_0246,AFE_1675	False	
DCTPD	AFE_2660	1	AFE_2660	False	
DCYTD	AFE_0741	1	AFE_0741	False	
DDGPA	AFE_1816	1	AFE_1816	False	
DDPA	(AFE_2671 or AFE_0899)	2	AFE_0899,AFE_2671	False	
DGAMK		0		False	empty
DGPE		0		False	empty
DHAD1	(AFE_1673 and AFE_0662)	2	AFE_0662,AFE_1673	False	
DHAD2	(AFE_1673 or AFE_0662)	2	AFE_0662,AFE_1673	False	
DHDPRy	AFE_2663	1	AFE_2663	False	
DHDPS	AFE_2358	1	AFE_2358	False	
DHFR		0		False	empty
DHFS	AFE_2066	1	AFE_2066	False	
DHNPA2	AFE_0126	1	AFE_0126	False	
DHORD	AFE_2264	1	AFE_2264	False	
DHORTS	(AFE_1672 and AFE_3058 and AFE_1463)	3	AFE_1463,AFE_1672,AFE_3058	False	
DHPPDA	AFE_0297	1	AFE_0297	False	
DHPS2	AFE_2635	1	AFE_2635	False	
DHQS	AFE_0733	1	AFE_0733	False	
DHQT	AFE_0197	1	AFE_0197	False	
DKMPE	AFE_0434	1	AFE_0434	False	
DMATT		0		False	empty
DMPPS	AFE_3258	1	AFE_3258	False	
DNMPPA		0		False	empty
DNTPPA		0		False	empty
DOXRI	AFE_1450	1	AFE_1450	False	
DOXS	AFE_1974	1	AFE_1974	False	
DPCOAK	AFE_0187	1	AFE_0187	False	
DPR		0		False	empty
DTDCT	AFE_1448	1	AFE_1448	False	
DTMPK	AFE_1913	1	AFE_1913	False	
DUQM	AFE_1825	1	AFE_1825	False	
DUTPDP	AFE_0356	1	AFE_0356	False	
E4PD	AFE_3251	1	AFE_3251	False	
EAR1	AFE_0420	1	AFE_0420	False	
EAR10	AFE_0420	1	AFE_0420	False	
EAR11	AFE_0420	1	AFE_0420	False	
EAR12	AFE_0420	1	AFE_0420	False	
EAR13	AFE_0420	1	AFE_0420	False	
EAR14	AFE_0420	1	AFE_0420	False	
EAR15	AFE_0420	1	AFE_0420	False	
EAR16	AFE_0420	1	AFE_0420	False	
EAR17	AFE_0420	1	AFE_0420	False	
EAR2	AFE_0420	1	AFE_0420	False	
EAR3	AFE_0420	1	AFE_0420	False	
EAR4	AFE_0420	1	AFE_0420	False	
EAR5	AFE_0420	1	AFE_0420	False	
EAR6	AFE_0420	1	AFE_0420	False	
EAR7	AFE_0420	1	AFE_0420	False	
EAR8	AFE_0420	1	AFE_0420	False	
EAR9	AFE_0420	1	AFE_0420	False	
ENO	(AFE_1800 or AFE_0849)	2	AFE_0849,AFE_1800	False	
EPS		0		False	empty
EPStex		0		False	empty
EPStpp		0		False	empty
Ex_4hba[e]		0		False	empty
Ex_bio[e]		0		False	empty
Ex_ca2[e]		0		False	empty
Ex_cu2[e]		0		False	empty
Ex_eps_AFE[e]		0		False	empty
Ex_fe2[e]		0		False	empty
Ex_fe3[e]		0		False	empty
Ex_h2[e]		0		False	empty
Ex_h2co3[e]		0		False	empty
Ex_h2o[e]		0		False	empty
Ex_h2s[e]		0		False	empty
Ex_h[e]		0		False	empty
Ex_k[e]		0		False	empty
Ex_mg2[e]		0		False	empty
Ex_mn2[e]		0		False	empty
Ex_n2[e]		0		False	empty
Ex_na1[e]		0		False	empty
Ex_nh4[e]		0		False	empty
Ex_o2[e]		0		False	empty
Ex_pi[e]		0		False	empty
Ex_polypi[e]		0		False	empty
Ex_ppt[e]		0		False	empty
Ex_s[e]		0		False	empty
Ex_so4[e]		0		False	empty
Ex_so4aa[e]		0		False	empty
Ex_tsul[e]		0		False	empty
Ex_ttton[e]		0		False	empty
Ex_zn2[e]		0		False	empty
FA_PL-ACP-AFE		0		False	empty
FBA	AFE_1802	1	AFE_1802	False	
FBA3	(AFE_1676 and AFE_3248)	2	AFE_1676,AFE_3248	False	
FBP	AFE_0189	1	AFE_0189	False	
FCLT	AFE_0179	1	AFE_0179	False	
FDH	(AFE_0692 or AFE_1652)	2	AFE_0692,AFE_1652	False	
FE2tex		0		False	empty
FE2tpp	(AFE_2522 and AFE_2523 and AFE_2524 and AFE_2525)	4	AFE_2522,AFE_2523,AFE_2524,AFE_2525	False	
FE32tpp	((AFE_2267 and AFE_2268 and AFE_2269 and AFE_2270 and AFE_2271 and AFE_2273 and AFE_2274 and AFE_2275 and AFE_2276) or (AFE_2998 and AFE_2999 and AFE_2300 and AFE_2301 and AFE_2302 and AFE_2303 and AFE_2304 and AFE_2305))	17	AFE_2267,AFE_2268,AFE_2269,AFE_2270,AFE_2271,AFE_2273,AFE_2274,AFE_2275,AFE_2276,AFE_2300,AFE_2301,AFE_2302,AFE_2303,AFE_2304,AFE_2305,AFE_2998,AFE_2999	False	
FE3tpp	((AFE_1489 and AFE_1490 and AFE_1491) or (AFE_1493 and AFE_1494 and AFE_1495))	6	AFE_1489,AFE_1490,AFE_1491,AFE_1493,AFE_1494,AFE_1495	False	
FMNAT	AFE_0557	1	AFE_0557	False	
FTHFD		0		False	empty
FTHFL		0		False	empty
FUM	AFE_2673	1	AFE_2673	False	
G1PACT	AFE_3201	1	AFE_3201	False	
G1PTT	AFE_3295	1	AFE_3295	False	
G1SAT	AFE_3303	1	AFE_3303	False	
G3PAT1		0		False	empty
G3PAT2	AFE_0727	1	AFE_0727	False	
G3PD2	AFE_2126	1	AFE_2126	False	
G5SADs		0		False	empty
G5SD	AFE_0454	1	AFE_0454	False	
G6PDH2	AFE_2025 	1	AFE_2025	False	
GALU	AFE_0445	1	AFE_0445	False	
GAP2		0		False	empty
GAPD1	AFE_3251	1	AFE_3251	False	
GAPD2	AFE_3251	1	AFE_3251	False	
GARFT	(AFE_1896 or AFE_2023)	2	AFE_1896,AFE_2023	False	
GART	AFE_1896	1	AFE_1896	False	
GCALDD		0		False	empty
GF6PTA	AFE_3200	1	AFE_3200	False	
GFUCS		0		False	empty
GHMT2	AFE_0295	1	AFE_0295	False	
GHMT3	AFE_0295	1	AFE_0295	False	
GK1	AFE_0563	1	AFE_0563	False	
GLAT	AFE_0664	1	AFE_0664	False	
GLBRAN1	AFE_2836	1	AFE_2836	False	
GLCP	(AFE_0774 or AFE_1799)	2	AFE_0774,AFE_1799	False	
GLCS1	AFE_2678	1	AFE_2678	False	
GLDBRAN2	AFE_2836	1	AFE_2836	False	
GLGC	AFE_2838	1	AFE_2838	False	
GLNS	AFE_0466	1	AFE_0466	False	
GLU5K	(AFE_2464 and AFE_1783 and AFE_0281)	3	AFE_0281,AFE_1783,AFE_2464	False	
GLUCYS	AFE_3064	1	AFE_3064	False	
GLUPRT	AFE_2064	1	AFE_2064	False	
GLUR	AFE_2842	1	AFE_2842	False	
GLUSy	(AFE_0730 and AFE_0729)	2	AFE_0729,AFE_0730	False	
GLUTRR	AFE_2761	1	AFE_2761	False	
GLUTRS	(AFE_2222 or AFE_0422 or AFE_0927)	3	AFE_0422,AFE_0927,AFE_2222	False	
GLXCL		0		False	empty
GLXR		0		False	empty
GLYCH	(AFE_1663 and AFE_1664 and AFE_1665)	3	AFE_1663,AFE_1664,AFE_1665	False	
GLYCK		0		False	empty
GLYK		0		False	empty
GMAND	(AFE_2977 or AFE_3292)	2	AFE_2977,AFE_3292	False	
GMHEPAT	AFE_1406	1	AFE_1406	False	
GMHEPK		0		False	empty
GMHEPPA	AFE_2582	1	AFE_2582	False	
GMPS2	AFE_1778	1	AFE_1778	False	
GRTT	AFE_1975 	1	AFE_1975	False	
GSNK		0		False	empty
GTHS	AFE_3063	1	AFE_3063	False	
GTPCI	AFE_1973 	1	AFE_1973	False	
GTPCII2	AFE_0299	1	AFE_0299	False	
GUAD	AFE_0772	1	AFE_0772	False	
GUAPRT	AFE_0364	1	AFE_0364	False	
H2Otex		0		False	empty
H2Otpp		0		False	empty
H2Stex		0		False	empty
H2Stpp		0		False	empty
H2tex		0		False	empty
H2tpp		0		False	empty
HACT	AFE_2063	1	AFE_2063	False	
HBPPT	AFE_0592	1	AFE_0592	False	
HCO3E	AFE_0287	1	AFE_0287	False	
HCO3tex		0		False	empty
HCO3tpp		0		False	empty
HCYSMT	AFE_3126	1	AFE_3126	False	
HETZK	AFE_0523	1	AFE_0523	False	
HISTD1	AFE_3041	1	AFE_3041	False	
HISTD2	AFE_3041	1	AFE_3041	False	
HISTP	AFE_3043	1	AFE_3043	False	
HKDOS		0		False	empty
HKMPP	AFE_0435	1	AFE_0435	False	
HMBS	AFE_3300	1	AFE_3300	False	
HMPK1	AFE_3305 	1	AFE_3305	False	
HMSK	AFE_3097	1	AFE_3097	False	
HPPK2		0		False	empty
HSDy	AFE_0473	1	AFE_0473	False	
HSERTA	AFE_0293	1	AFE_0293	False	
HSTPT	(AFE_3042 and AFE_0898)	2	AFE_0898,AFE_3042	False	
HXAND	(AFE_0780 and AFE_0777 and AFE_0776 and AFE_0775)	4	AFE_0775,AFE_0776,AFE_0777,AFE_0780	False	
HXPRT	AFE_0364	1	AFE_0364	False	
HYD1pp	(AFE_3283 and AFE_3284 and AFE_3285 and AFE_3286)	4	AFE_3283,AFE_3284,AFE_3285,AFE_3286	False	
HYD3pp	(AFE_0937 and AFE_0938 and AFE_0939 and AFE_0940)	4	AFE_0937,AFE_0938,AFE_0939,AFE_0940	False	
HYD4	(AFE_2154 and AFE_2153 and AFE_2152 and AFE_2151 and AFE_2150 and AFE_2149)	6	AFE_2149,AFE_2150,AFE_2151,AFE_2152,AFE_2153,AFE_2154	False	
Htex		0		False	empty
Htpp		0		False	empty
ICDHyr	AFE_0424	1	AFE_0424	False	
ICITRED	AFE_0424	1	AFE_0424	False	
IG3PS	(AFE_3046 and AFE_3044)	2	AFE_3044,AFE_3046	False	
IGPDH	AFE_3043	1	AFE_3043	False	
IGPS	AFE_3242	1	AFE_3242	False	
ILETA	AFE_0547	1	AFE_0547	False	
IMPC	AFE_2260	1	AFE_2260	False	
IMPD	AFE_1777	1	AFE_1777	False	
INSK		0		False	empty
IPDDI		0		False	empty
IPDPS	AFE_3258	1	AFE_3258	False	
IPMD	AFE_2075	1	AFE_2075	False	
IPPMIa	(AFE_0624 and AFE_0626)	2	AFE_0624,AFE_0626	False	
IPPS	(AFE_2596 and AFE_1989)	2	AFE_1989,AFE_2596	False	
KARA1	AFE_0747	1	AFE_0747	False	
KARA2	AFE_0747	1	AFE_0747	False	
KDOCT	AFE_0237	1	AFE_0237	False	
KDOCT2	AFE_0491 	1	AFE_0491	False	
KDOCT3	AFE_0237	1	AFE_0237	False	
KDOPP	AFE_3029	1	AFE_3029	False	
KDOPS	AFE_0848	1	AFE_0848	False	
KMBT		0		False	empty
Ktex		0		False	empty
Ktpp	(AFE_2922 or AFE_1968 or AFE_3093 or AFE_1753)	4	AFE_1753,AFE_1968,AFE_2922,AFE_3093	False	
LDAS	AFE_0238	1	AFE_0238	False	
LEUTA	AFE_0547	1	AFE_0547	False	
LIPA		0		False	empty
LIPS	AFE_0238	1	AFE_0238	False	
LPADSS	AFE_1459	1	AFE_1459	False	
LPS		0		False	empty
MACPD		0		False	empty
MALS		0		False	empty
MAN1PT	(AFE_3293 or AFE_2960 or AFE_1366)	3	AFE_1366,AFE_2960,AFE_3293	False	
MAN6PI	AFE_3293 	1	AFE_3293	False	
MBDR		0		False	empty
MCOATA	AFE_1907	1	AFE_1907	False	
MCTP1A	(AFE_1960 or AFE_2526 or AFE_2923)	3	AFE_1960,AFE_2526,AFE_2923	False	
MDH	AFE_3000	1	AFE_3000	False	
MECDPS	AFE_0371 	1	AFE_0371	False	
MEPCT	AFE_0370	1	AFE_0370	False	
METAT	AFE_0532	1	AFE_0532	False	
METS		0		False	empty
MG2tex		0		False	empty
MG2tpp	AFE_2327	1	AFE_2327	False	
MMCD		0		False	empty
MMM		0		False	empty
MN2tex		0		False	empty
MN2tpp	(AFE_0920 or AFE_0105)	2	AFE_0105,AFE_0920	False	
MNTH	(AFE_0105 or AFE_0920)	2	AFE_0105,AFE_0920	False	
MOHMT	AFE_1771	1	AFE_1771	False	
MTAP	AFE_0365	1	AFE_0365	False	
MTHFC	AFE_1877	1	AFE_1877	False	
MTHFD1	AFE_1877	1	AFE_1877	False	
MTHFD2	AFE_1877	1	AFE_1877	False	
MTHFR3	AFE_0535	1	AFE_0535	False	
MTHPTGHM	AFE_0288	1	AFE_0288	False	
MTOD		0		False	empty
MTRG		0		False	empty
MTROI	AFE_0893	1	AFE_0893	False	
MTRP	AFE_0527	1	AFE_0527	False	
N2tex		0		False	empty
N2tpp		0		False	empty
NA1tex		0		False	empty
NA1tpp		0		False	empty
NADHI	(AFE_2630 and AFE_2629 and AFE_2628 and AFE_2627 and AFE_2626 and AFE_2625 and AFE_2624 and AFE_2623 and AFE_2622 and AFE_2621 and AFE_2620 and AFE_2619 and AFE_2618 and AFE_2617)	14	AFE_2617,AFE_2618,AFE_2619,AFE_2620,AFE_2621,AFE_2622,AFE_2623,AFE_2624,AFE_2625,AFE_2626,AFE_2627,AFE_2628,AFE_2629,AFE_2630	False	
NADK	AFE_0451	1	AFE_0451	False	
NADPPPS	AFE_0468	1	AFE_0468	False	
NADS1	AFE_0428	1	AFE_0428	False	
NADS2	AFE_0428	1	AFE_0428	False	
NADTRHD		0		False	empty
NDPK1	AFE_1929	1	AFE_1929	False	
NDPK2	AFE_1929	1	AFE_1929	False	
NDPK3	AFE_1929	1	AFE_1929	False	
NDPK4	AFE_1929	1	AFE_1929	False	
NDPK5	AFE_1929	1	AFE_1929	False	
NDPK6	AFE_1929	1	AFE_1929	False	
NDPK7	AFE_1929	1	AFE_1929	False	
NDPK8	AFE_1929	1	AFE_1929	False	
NH4pp	(AFE_2916 or AFE_2911 or AFE_2922)	3	AFE_2911,AFE_2916,AFE_2922	False	
NH4tex		0		False	empty
NITF	(AFE_1515 and AFE_1516 and AFE_1517 and AFE_1518 and AFE_1519 and AFE_1520 and AFE_1521 and AFE_1522)	8	AFE_1515,AFE_1516,AFE_1517,AFE_1518,AFE_1519,AFE_1520,AFE_1521,AFE_1522	False	
NNAT	AFE_2948	1	AFE_2948	False	
NNDPR	AFE_2206	1	AFE_2206	False	
NTPTP1	AFE_0731 	1	AFE_0731	False	
O2tex		0		False	empty
O2tpp		0		False	empty
OCBT	AFE_0405	1	AFE_0405	False	
OCTDPS	AFE_2899	1	AFE_2899	False	
OHPBAT	AFE_0895	1	AFE_0895	False	
OHPHM	AFE_1825	1	AFE_1825	False	
OMBQM	AFE_0623	1	AFE_0623	False	
OMCDC		0		False	empty
OMMBH		0		False	empty
OMPDC	AFE_0907	1	AFE_0907	False	
OMPHHX	(AFE_2389 or AFE_2388)	2	AFE_2388,AFE_2389	False	
OPHBDC	(AFE_0647 or AFE_2383)	2	AFE_0647,AFE_2383	False	
OPHHX	AFE_0305	1	AFE_0305	False	
ORNDC		0		False	empty
ORPT	AFE_0908	1	AFE_0908	False	
P5CR	AFE_0262	1	AFE_0262	False	
PANTS	AFE_1770	1	AFE_1770	False	
PAPPT3	AFE_0209	1	AFE_0209	False	
PAPSR	AFE_3123	1	AFE_3123	False	
PCYT	AFE_1449	1	AFE_1449	False	
PDH	(AFE_3070 and AFE_3069 and AFE_3068)	3	AFE_3068,AFE_3069,AFE_3070	False	
PDX5PO	AFE_0628	1	AFE_0628	False	
PDX5PS	AFE_1403	1	AFE_1403	False	
PERD	AFE_0896	1	AFE_0896	False	
PFK	AFE_1807	1	AFE_1807	False	
PGAMT	AFE_2634	1	AFE_2634	False	
PGCD	AFE_0896	1	AFE_0896	False	
PGDH	AFE_2432	1	AFE_2432	False	
PGI1	AFE_2924	1	AFE_2924	False	
PGK	AFE_3250	1	AFE_3250	False	
PGL	AFE_2833	1	AFE_2833	False	
PGLT	AFE_0206	1	AFE_0206	False	
PGLYCP	(AFE_1823 and AFE_3246)	2	AFE_1823,AFE_3246	False	
PGM1	(AFE_1815 or AFE_0155 or AFE_0526 or AFE_0621)	4	AFE_0155,AFE_0526,AFE_0621,AFE_1815	False	
PGMT	AFE_2324	1	AFE_2324	False	
PGMT2	AFE_2324	1	AFE_2324	False	
PGPP120	AFE_0929	1	AFE_0929	False	
PGSA	(AFE_1900 and AFE_0854)	2	AFE_0854,AFE_1900	False	
PHETA1	AFE_2022	1	AFE_2022	False	
PHFT	(AFE_0635 or AFE_3143)	2	AFE_0635,AFE_3143	False	
PHSTG1		0		False	empty
PHSTG2		0		False	empty
PL-AFE		0		False	empty
PMANM	AFE_0943	1	AFE_0943	False	
PMEAS	(AFE_2739 or AFE_0594)	2	AFE_0594,AFE_2739	False	
PMPK	AFE_3305	1	AFE_3305	False	
PNTK		0		False	empty
PPA	AFE_0492	1	AFE_0492	False	
PPBNGS	AFE_3298	1	AFE_3298	False	
PPC	AFE_1810	1	AFE_1810	False	
PPCDC	AFE_0357	1	AFE_0357	False	
PPK2	AFE_1876	1	AFE_1876	False	
PPNCL2	AFE_0357	1	AFE_0357	False	
PPND	AFE_0900	1	AFE_0900	False	
PPNDH	AFE_0897	1	AFE_0897	False	
PPPGO	AFE_0570	1	AFE_0570	False	
PPTtex		0		False	empty
PPTtpp	(AFE_2278 and AFE_2279 and AFE_2280 and AFE_2281 and AFE_2282 and AFE_2283 and AFE_2284 and AFE_2285 and AFE_2286)	9	AFE_2278,AFE_2279,AFE_2280,AFE_2281,AFE_2282,AFE_2283,AFE_2284,AFE_2285,AFE_2286	False	
PRAGS	AFE_2261	1	AFE_2261	False	
PRAI	AFE_2070	1	AFE_2070	False	
PRAIS	AFE_1897	1	AFE_1897	False	
PRAMPC	AFE_3047	1	AFE_3047	False	
PRASCS	AFE_2355	1	AFE_2355	False	
PRATPP	AFE_3047	1	AFE_3047	False	
PRFGS	AFE_2354	1	AFE_2354	False	
PRMICI	AFE_3045	1	AFE_3045	False	
PRPPS	AFE_2766	1	AFE_2766	False	
PRUK	AFE_0536	1	AFE_0536	False	
PSCVT	AFE_0901	1	AFE_0901	False	
PSD120	AFE_2292	1	AFE_2292	False	
PSERT	AFE_0895	1	AFE_0895	False	
PSP_L	AFE_0368	1	AFE_0368	False	
PSSA120	AFE_2291	1	AFE_2291	False	
PTPAT	AFE_2755	1	AFE_2755	False	
PUNP1		0		False	empty
PUNP2		0		False	empty
PUNP3		0		False	empty
PUNP4		0		False	empty
PYAM5PO	AFE_0628	1	AFE_0628	False	
PYDAMK		0		False	empty
PYDXK1		0		False	empty
PYDXK2		0		False	empty
PYK	(AFE_0749 or AFE_1801 or AFE_3249)	3	AFE_0749,AFE_1801,AFE_3249	False	
PYRDB		0		False	empty
Pitex		0		False	empty
Pitpp	((AFE_1939 and AFE_1940 and AFE_1941) or (AFE_1434 and AFE_1435 and AFE_1436 and AFE_1437 and AFE_1438 and AFE_1439 and AFE_1440 and AFE_1441))	11	AFE_1434,AFE_1435,AFE_1436,AFE_1437,AFE_1438,AFE_1439,AFE_1440,AFE_1441,AFE_1939,AFE_1940,AFE_1941	False	
QULNS	AFE_0057	1	AFE_0057	False	
RBFK1	AFE_0557	1	AFE_0557	False	
RBFS	AFE_0298	1	AFE_0298	False	
RBFS2	AFE_0300	1	AFE_0300	False	
RHCCE		0		False	empty
RIBPH		0		False	empty
RNDR1	(AFE_2639 and AFE_2638)	2	AFE_2638,AFE_2639	False	
RNDR2	(AFE_2639 and AFE_2638)	2	AFE_2638,AFE_2639	False	
RNDR3	(AFE_2639 and AFE_2638)	2	AFE_2638,AFE_2639	False	
RNDR4	(AFE_2639 and AFE_2638)	2	AFE_2638,AFE_2639	False	
RPE	AFE_3247	1	AFE_3247	False	
RPI	AFE_0629	1	AFE_0629	False	
RUBISCO	(AFE_2155 or AFE_0434 or (AFE_3051 and AFE_3052) or (AFE_1690 and AFE_1691))	6	AFE_0434,AFE_1690,AFE_1691,AFE_2155,AFE_3051,AFE_3052	False	
RUBISCOX		0		False	empty
S7PI	(AFE_0714 or AFE_0141)	2	AFE_0141,AFE_0714	False	
SADT	((AFE_2970 and AFE_2971) or (AFE_3124 and AFE_3125))	4	AFE_2970,AFE_2971,AFE_3124,AFE_3125	False	
SBPASE	AFE_3253	1	AFE_3253	False	
SCCR		0		False	empty
SDPDS	AFE_1819	1	AFE_1819	False	
SDPTA	AFE_1821	1	AFE_1821	False	
SERAT	(AFE_1505 and AFE_0671)	2	AFE_0671,AFE_1505	False	
SFAT1	AFE_0539	1	AFE_0539	False	
SFAT2	AFE_0539	1	AFE_0539	False	
SHBI		0		False	empty
SHCHD2		0		False	empty
SHK3D	AFE_0182	1	AFE_0182	False	
SHKK	AFE_0734	1	AFE_0734	False	
SO41tpp		0		False	empty
SO42tpp	AFE_0286	1	AFE_0286	False	
SO4AA1tpp		0		False	empty
SO4AA2tpp		0		False	empty
SO4tex		0		False	empty
SPMS	(AFE_0157 and AFE_0156 and AFE_2160)	3	AFE_0156,AFE_0157,AFE_2160	False	
SQRED1	(AFE_1792 or (AFE_2177 and AFE_2178 and AFE_2179 and AFE_2181))	5	AFE_1792,AFE_2177,AFE_2178,AFE_2179,AFE_2181	False	
SUCD	AFE_2550	1	AFE_2550	False	
SUCOAS	(AFE_0427 and AFE_0425)	2	AFE_0425,AFE_0427	False	
SULDO		0		False	empty
SULR2	(AFE_3121 and AFE_3122)	2	AFE_3121,AFE_3122	False	
Stex		0		False	empty
T2DECAI		0		False	empty
TALA	AFE_0419	1	AFE_0419	False	
TDPDRE1	AFE_3294	1	AFE_3294	False	
TDPDRE2	AFE_3294	1	AFE_3294	False	
TDPDRR	AFE_0442	1	AFE_0442	False	
TDPGDH	AFE_0441	1	AFE_0441	False	
TDSK	AFE_0489	1	AFE_0489	False	
THDPS	AFE_1820	1	AFE_1820	False	
THFAT		0		False	empty
THMP	AFE_0468	1	AFE_0468	False	
THPDH	AFE_0165	1	AFE_0165	False	
THRD_L	AFE_0722	1	AFE_0722	False	
THRS	AFE_0474	1	AFE_0474	False	
TKT1	(AFE_1843 and AFE_3252)	2	AFE_1843,AFE_3252	False	
TKT2	(AFE_1843 and AFE_3252)	2	AFE_1843,AFE_3252	False	
TMDK1		0		False	empty
TMDK2		0		False	empty
TMDS		0		False	empty
TMPK	AFE_0928	1	AFE_0928	False	
TMPPP	AFE_3304	1	AFE_3304	False	
TPI	AFE_2633	1	AFE_2633	False	
TRDR	AFE_0375	1	AFE_0375	False	
TRPS2	(AFE_2068 and AFE_2069)	2	AFE_2068,AFE_2069	False	
TRPS3	AFE_2068	1	AFE_2068	False	
TRSAR		0		False	empty
TSQOC	(AFE_0041 and AFE_0042 and AFE_0043 and AFE_0044 and AFE_0045 and AFE_0046)	6	AFE_0041,AFE_0042,AFE_0043,AFE_0044,AFE_0045,AFE_0046	False	
TSULtex		0		False	empty
TTMS	(AFE_0643 and AFE_1974)	2	AFE_0643,AFE_1974	False	
TTSF	AFE_0732 	1	AFE_0732	False	
TTTONtex		0		False	empty
TYRTA	AFE_2022	1	AFE_2022	False	
UAAA	AFE_1454	1	AFE_1454	False	
UAAD	AFE_0223	1	AFE_0223	False	
UAAGDS	AFE_0211	1	AFE_0211	False	
UACAA	AFE_1458	1	AFE_1458	False	
UAGAAT	AFE_1456	1	AFE_1456	False	
UAGCVT	AFE_3039	1	AFE_3039	False	
UAGDP	AFE_3201	1	AFE_3201	False	
UAMAGS	AFE_0208	1	AFE_0208	False	
UAMAS	AFE_0205	1	AFE_0205	False	
UAPGR	AFE_0204	1	AFE_0204	False	
UCMAT	AFE_0206	1	AFE_0206	False	
UDCPDP	AFE_0636	1	AFE_0636	False	
UDCPDPS	AFE_1448	1	AFE_1448	False	
UDDS	AFE_1448 	1	AFE_1448	False	
UDPGD	(AFE_1405 or AFE_1343)	2	AFE_1343,AFE_1405	False	
UGDC		0		False	empty
UGLDDS	AFE_0210	1	AFE_0210	False	
UHGA	AFE_1987	1	AFE_1987	False	
UPP3MT1	AFE_3126	1	AFE_3126	False	
UPP3MT2	AFE_3126	1	AFE_3126	False	
UPP3S	AFE_3299	1	AFE_3299	False	
UPPDC1	AFE_0728	1	AFE_0728	False	
UPPRT	AFE_3060	1	AFE_3060	False	
URIDK	AFE_1446	1	AFE_1446	False	
URIK1		0		False	empty
URIK2		0		False	empty
URIP		0		False	empty
VALTA1		0		False	empty
VALTA2	AFE_0547	1	AFE_0547	False	
XAND	((AFE_0780 and AFE_0777 and AFE_0776 and AFE_0775) or AFE_0772)	5	AFE_0772,AFE_0775,AFE_0776,AFE_0777,AFE_0780	False	
XPPT		0		False	empty
ZN2tex		0		False	empty
ZN2tpp	(AFE_0920 or AFE_0105)	2	AFE_0105,AFE_0920	False	
