frame_id	kegg	candidate_metabolites	status
PROTON	C00080	h[c];h[e];h[p]	AMBIGUOUS
FE+3	C14819	fe3[c];fe3[e];fe3[p]	AMBIGUOUS
NA+	C01330	na1[c];na1[e];na1[p]	AMBIGUOUS
FE+2	C14818	fe2[c];fe2[e];fe2[p]	AMBIGUOUS
WATER	C00001	h2o[c];h2o[e];h2o[p]	AMBIGUOUS
HYDROGEN-MOLECULE	C00282	h2[c];h2[e];h2[p]	AMBIGUOUS
K+	C00238	k[c];k[e];k[p]	AMBIGUOUS
AMMONIUM	C01342	nh4[c];nh4[e];nh4[p]	AMBIGUOUS
CA+2	C00076	ca2[c];ca2[e];ca2[p]	AMBIGUOUS
PHOSPHONATE	C06701	ppt[c];ppt[e];ppt[p]	AMBIGUOUS
Elemental-Sulfur	C00087	s[e];s[p]	AMBIGUOUS
HS	C00283	h2s[c];h2s[e];h2s[p]	AMBIGUOUS
UNDECAPRENYL-DIPHOSPHATE	C04574	dtpcudcpdp[c];udcpdp[c]	AMBIGUOUS
S2O3	C00320	tsul[e];tsul[p]	AMBIGUOUS
NITROGEN-MOLECULE	C00697	n2[c];n2[e];n2[p]	AMBIGUOUS
ZN+2	C00038	zn2[c];zn2[e];zn2[p]	AMBIGUOUS
OXYGEN-MOLECULE	C00007	o2[c];o2[e];o2[p]	AMBIGUOUS
MG+2	C00305	mg2[c];mg2[e];mg2[p]	AMBIGUOUS
SULFATE	C00059	so4[c];so4[e];so4[p];so4aa[p]	AMBIGUOUS
