reaction	intervention	max_biomass	biomass_gain_pct	D10	D25	D50
PFK	open_reverse	0.712437	1268.0615	YES	YES	YES
GAPD2	widen_ub_5x	0.1028474	97.4933	YES	YES	YES
GAPD2	widen_ub_2x	0.1028474	97.4933	YES	YES	YES
GAPD2	narrow_half	0.1028474	97.4933	YES	YES	YES
GAPD2	narrow_quarter	0.1028474	97.4933	YES	YES	YES
NADHI	open_reverse	0.1018572	95.5919	YES	YES	YES
NADHI	widen_ub_5x	0.1018572	95.5919	YES	YES	YES
NADHI	widen_ub_2x	0.1018572	95.5919	YES	YES	YES
NADHI	narrow_half	0.1018572	95.5919	YES	YES	YES
NADHI	narrow_quarter	0.1018572	95.5919	YES	YES	YES
NADTRHD	open_reverse	0.1018572	95.5919	YES	YES	YES
NADTRHD	widen_ub_5x	0.1018572	95.5919	YES	YES	YES
NADTRHD	widen_ub_2x	0.1018572	95.5919	YES	YES	YES
NADTRHD	narrow_half	0.1018572	95.5919	YES	YES	YES
NADTRHD	narrow_quarter	0.1018572	95.5919	YES	YES	YES
CYTAA31	open_reverse	0.1018572	95.5919	YES	YES	YES
CYTAA31	widen_ub_5x	0.1018572	95.5919	YES	YES	YES
CYTAA31	widen_ub_2x	0.1018572	95.5919	YES	YES	YES
CYTAA31	narrow_half	0.1018572	95.5919	YES	YES	YES
CYTAA31	narrow_quarter	0.1018572	95.5919	YES	YES	YES
CYTBC1	open_reverse	0.1018572	95.5919	YES	YES	YES
CYTBC1	widen_ub_5x	0.1018572	95.5919	YES	YES	YES
CYTBC1	widen_ub_2x	0.1018572	95.5919	YES	YES	YES
CYTBC1	narrow_half	0.1018572	95.5919	YES	YES	YES
CYTBC1	narrow_quarter	0.1018572	95.5919	YES	YES	YES
CYT1	open_reverse	0.1018572	95.5919	YES	YES	YES
CYT1	widen_ub_5x	0.1018572	95.5919	YES	YES	YES
CYT1	widen_ub_2x	0.1018572	95.5919	YES	YES	YES
CYT1	narrow_half	0.1018572	95.5919	YES	YES	YES
CYT1	narrow_quarter	0.1018572	95.5919	YES	YES	YES
CYT2	open_reverse	0.1018572	95.5919	YES	YES	YES
CYT2	widen_ub_5x	0.1018572	95.5919	YES	YES	YES
CYT2	widen_ub_2x	0.1018572	95.5919	YES	YES	YES
CYT2	narrow_half	0.1018572	95.5919	YES	YES	YES
CYT2	narrow_quarter	0.1018572	95.5919	YES	YES	YES
CYTA2	open_reverse	0.1018572	95.5919	YES	YES	YES
CYTA2	widen_ub_5x	0.1018572	95.5919	YES	YES	YES
CYTA2	widen_ub_2x	0.1018572	95.5919	YES	YES	YES
CYTA2	narrow_half	0.1018572	95.5919	YES	YES	YES
CYTA2	narrow_quarter	0.1018572	95.5919	YES	YES	YES
ATPS5rpp	open_reverse	0.1018572	95.5919	YES	YES	YES
ATPS5rpp	widen_ub_5x	0.1018572	95.5919	YES	YES	YES
ATPS5rpp	widen_ub_2x	0.1018572	95.5919	YES	YES	YES
ATPS5rpp	narrow_half	0.1018572	95.5919	YES	YES	YES
ATPS5rpp	narrow_quarter	0.1018572	95.5919	YES	YES	YES
BDGK	open_reverse	0.1018572	95.5919	YES	YES	YES
BDGK	widen_ub_5x	0.1018572	95.5919	YES	YES	YES
BDGK	widen_ub_2x	0.1018572	95.5919	YES	YES	YES
BDGK	narrow_half	0.1018572	95.5919	YES	YES	YES
BDGK	narrow_quarter	0.1018572	95.5919	YES	YES	YES
PGI1	widen_ub_5x	0.1018572	95.5919	YES	YES	YES
PGI1	widen_ub_2x	0.1018572	95.5919	YES	YES	YES
PGI1	narrow_half	0.1018572	95.5919	YES	YES	YES
PGI1	narrow_quarter	0.1018572	95.5919	YES	YES	YES
PFK	widen_ub_5x	0.1018572	95.5919	YES	YES	YES
PFK	widen_ub_2x	0.1018572	95.5919	YES	YES	YES
PFK	close	0.1018572	95.5919	YES	YES	YES
PFK	narrow_half	0.1018572	95.5919	YES	YES	YES
PFK	narrow_quarter	0.1018572	95.5919	YES	YES	YES
FBA	widen_ub_5x	0.1018572	95.5919	YES	YES	YES
FBA	widen_ub_2x	0.1018572	95.5919	YES	YES	YES
FBA	close	0.1018572	95.5919	YES	YES	YES
FBA	narrow_half	0.1018572	95.5919	YES	YES	YES
FBA	narrow_quarter	0.1018572	95.5919	YES	YES	YES
GAPD1	widen_ub_5x	0.1018572	95.5919	YES	YES	YES
GAPD1	widen_ub_2x	0.1018572	95.5919	YES	YES	YES
GAPD1	close	0.1018572	95.5919	YES	YES	YES
GAPD1	narrow_half	0.1018572	95.5919	YES	YES	YES
GAPD1	narrow_quarter	0.1018572	95.5919	YES	YES	YES
GAPD2	close	0.1018572	95.5919	YES	YES	YES
PGK	widen_ub_5x	0.1018572	95.5919	YES	YES	YES
PGK	widen_ub_2x	0.1018572	95.5919	YES	YES	YES
PGK	close	0.1018572	95.5919	YES	YES	YES
PGK	narrow_half	0.1018572	95.5919	YES	YES	YES
PGK	narrow_quarter	0.1018572	95.5919	YES	YES	YES
PGM1	widen_ub_5x	0.1018572	95.5919	YES	YES	YES
PGM1	widen_ub_2x	0.1018572	95.5919	YES	YES	YES
PGM1	narrow_half	0.1018572	95.5919	YES	YES	YES
PGM1	narrow_quarter	0.1018572	95.5919	YES	YES	YES
ENO	widen_ub_5x	0.1018572	95.5919	YES	YES	YES
ENO	widen_ub_2x	0.1018572	95.5919	YES	YES	YES
ENO	narrow_half	0.1018572	95.5919	YES	YES	YES
ENO	narrow_quarter	0.1018572	95.5919	YES	YES	YES
PYK	open_reverse	0.1018572	95.5919	YES	YES	YES
PYK	widen_ub_5x	0.1018572	95.5919	YES	YES	YES
PYK	widen_ub_2x	0.1018572	95.5919	YES	YES	YES
PYK	narrow_half	0.1018572	95.5919	YES	YES	YES
PYK	narrow_quarter	0.1018572	95.5919	YES	YES	YES
PDH	open_reverse	0.1018572	95.5919	YES	YES	YES
PDH	widen_ub_5x	0.1018572	95.5919	YES	YES	YES
PDH	widen_ub_2x	0.1018572	95.5919	YES	YES	YES
PDH	narrow_half	0.1018572	95.5919	YES	YES	YES
PDH	narrow_quarter	0.1018572	95.5919	YES	YES	YES
G6PDH2	widen_ub_5x	0.1018572	95.5919	YES	YES	YES
G6PDH2	widen_ub_2x	0.1018572	95.5919	YES	YES	YES
G6PDH2	close	0.1018572	95.5919	YES	YES	YES
G6PDH2	narrow_half	0.1018572	95.5919	YES	YES	YES
G6PDH2	narrow_quarter	0.1018572	95.5919	YES	YES	YES
PGL	widen_ub_5x	0.1018572	95.5919	YES	YES	YES
PGL	widen_ub_2x	0.1018572	95.5919	YES	YES	YES
PGL	close	0.1018572	95.5919	YES	YES	YES
PGL	narrow_half	0.1018572	95.5919	YES	YES	YES
PGL	narrow_quarter	0.1018572	95.5919	YES	YES	YES
PGDH	open_reverse	0.1018572	95.5919	YES	YES	YES
PGDH	widen_ub_5x	0.1018572	95.5919	YES	YES	YES
PGDH	widen_ub_2x	0.1018572	95.5919	YES	YES	YES
PGDH	close	0.1018572	95.5919	YES	YES	YES
PGDH	narrow_half	0.1018572	95.5919	YES	YES	YES
PGDH	narrow_quarter	0.1018572	95.5919	YES	YES	YES
DDGPA	open_reverse	0.1018572	95.5919	YES	YES	YES
DDGPA	widen_ub_5x	0.1018572	95.5919	YES	YES	YES
DDGPA	widen_ub_2x	0.1018572	95.5919	YES	YES	YES
DDGPA	close	0.1018572	95.5919	YES	YES	YES
DDGPA	narrow_half	0.1018572	95.5919	YES	YES	YES
DDGPA	narrow_quarter	0.1018572	95.5919	YES	YES	YES
TKT1	widen_ub_5x	0.1018572	95.5919	YES	YES	YES
TKT1	widen_ub_2x	0.1018572	95.5919	YES	YES	YES
TKT1	narrow_half	0.1018572	95.5919	YES	YES	YES
TKT1	narrow_quarter	0.1018572	95.5919	YES	YES	YES
TKT2	widen_ub_5x	0.1018572	95.5919	YES	YES	YES
TKT2	widen_ub_2x	0.1018572	95.5919	YES	YES	YES
TKT2	narrow_half	0.1018572	95.5919	YES	YES	YES
TKT2	narrow_quarter	0.1018572	95.5919	YES	YES	YES
TALA	widen_ub_5x	0.1018572	95.5919	YES	YES	YES
TALA	widen_ub_2x	0.1018572	95.5919	YES	YES	YES
TALA	narrow_half	0.1018572	95.5919	YES	YES	YES
TALA	narrow_quarter	0.1018572	95.5919	YES	YES	YES
RPI	open_reverse	0.1018572	95.5919	YES	YES	YES
RPI	widen_ub_5x	0.1018572	95.5919	YES	YES	YES
RPI	widen_ub_2x	0.1018572	95.5919	YES	YES	YES
RPI	narrow_half	0.1018572	95.5919	YES	YES	YES
RPI	narrow_quarter	0.1018572	95.5919	YES	YES	YES
RPE	widen_ub_5x	0.1018572	95.5919	YES	YES	YES
RPE	widen_ub_2x	0.1018572	95.5919	YES	YES	YES
RPE	narrow_half	0.1018572	95.5919	YES	YES	YES
RPE	narrow_quarter	0.1018572	95.5919	YES	YES	YES
PRUK	open_reverse	0.1018572	95.5919	YES	YES	YES
PRUK	widen_ub_5x	0.1018572	95.5919	YES	YES	YES
PRUK	widen_ub_2x	0.1018572	95.5919	YES	YES	YES
PRUK	narrow_half	0.1018572	95.5919	YES	YES	YES
PRUK	narrow_quarter	0.1018572	95.5919	YES	YES	YES
RUBISCO	widen_ub_5x	0.1018572	95.5919	YES	YES	YES
RUBISCO	widen_ub_2x	0.1018572	95.5919	YES	YES	YES
RUBISCO	narrow_half	0.1018572	95.5919	YES	YES	YES
RUBISCO	narrow_quarter	0.1018572	95.5919	YES	YES	YES
RUBISCOX	open_reverse	0.1018572	95.5919	YES	YES	YES
RUBISCOX	widen_ub_5x	0.1018572	95.5919	YES	YES	YES
RUBISCOX	widen_ub_2x	0.1018572	95.5919	YES	YES	YES
RUBISCOX	close	0.1018572	95.5919	YES	YES	YES
RUBISCOX	narrow_half	0.1018572	95.5919	YES	YES	YES
RUBISCOX	narrow_quarter	0.1018572	95.5919	YES	YES	YES
FBP	open_reverse	0.1018572	95.5919	YES	YES	YES
FBP	widen_ub_5x	0.1018572	95.5919	YES	YES	YES
FBP	widen_ub_2x	0.1018572	95.5919	YES	YES	YES
FBP	close	0.1018572	95.5919	YES	YES	YES
FBP	narrow_half	0.1018572	95.5919	YES	YES	YES
FBP	narrow_quarter	0.1018572	95.5919	YES	YES	YES
SBPASE	widen_ub_5x	0.1018572	95.5919	YES	YES	YES
SBPASE	widen_ub_2x	0.1018572	95.5919	YES	YES	YES
SBPASE	narrow_half	0.1018572	95.5919	YES	YES	YES
SBPASE	narrow_quarter	0.1018572	95.5919	YES	YES	YES
PPC	open_reverse	0.1018572	95.5919	YES	YES	YES
PPC	widen_ub_5x	0.1018572	95.5919	YES	YES	YES
PPC	widen_ub_2x	0.1018572	95.5919	YES	YES	YES
PPC	narrow_half	0.1018572	95.5919	YES	YES	YES
PPC	narrow_quarter	0.1018572	95.5919	YES	YES	YES
CS	open_reverse	0.1018572	95.5919	YES	YES	YES
CS	widen_ub_5x	0.1018572	95.5919	YES	YES	YES
CS	widen_ub_2x	0.1018572	95.5919	YES	YES	YES
CS	narrow_half	0.1018572	95.5919	YES	YES	YES
CS	narrow_quarter	0.1018572	95.5919	YES	YES	YES
ICDHyr	widen_ub_5x	0.1018572	95.5919	YES	YES	YES
ICDHyr	widen_ub_2x	0.1018572	95.5919	YES	YES	YES
ICDHyr	narrow_half	0.1018572	95.5919	YES	YES	YES
ICDHyr	narrow_quarter	0.1018572	95.5919	YES	YES	YES
MDH	widen_ub_5x	0.1018572	95.5919	YES	YES	YES
MDH	widen_ub_2x	0.1018572	95.5919	YES	YES	YES
MDH	narrow_half	0.1018572	95.5919	YES	YES	YES
MDH	narrow_quarter	0.1018572	95.5919	YES	YES	YES
FUM	widen_ub_5x	0.1018572	95.5919	YES	YES	YES
FUM	widen_ub_2x	0.1018572	95.5919	YES	YES	YES
FUM	narrow_half	0.1018572	95.5919	YES	YES	YES
FUM	narrow_quarter	0.1018572	95.5919	YES	YES	YES
SUCD	widen_ub_5x	0.1018572	95.5919	YES	YES	YES
SUCD	widen_ub_2x	0.1018572	95.5919	YES	YES	YES
SUCD	narrow_half	0.1018572	95.5919	YES	YES	YES
SUCD	narrow_quarter	0.1018572	95.5919	YES	YES	YES
SUCOAS	widen_ub_5x	0.1018572	95.5919	YES	YES	YES
SUCOAS	widen_ub_2x	0.1018572	95.5919	YES	YES	YES
SUCOAS	narrow_half	0.1018572	95.5919	YES	YES	YES
SUCOAS	narrow_quarter	0.1018572	95.5919	YES	YES	YES
ACS	open_reverse	0.1018572	95.5919	YES	YES	YES
ACS	widen_ub_5x	0.1018572	95.5919	YES	YES	YES
ACS	widen_ub_2x	0.1018572	95.5919	YES	YES	YES
ACS	narrow_half	0.1018572	95.5919	YES	YES	YES
ACS	narrow_quarter	0.1018572	95.5919	YES	YES	YES
FDH	open_reverse	0.1018572	95.5919	YES	YES	YES
FDH	widen_ub_5x	0.1018572	95.5919	YES	YES	YES
FDH	widen_ub_2x	0.1018572	95.5919	YES	YES	YES
FDH	narrow_half	0.1018572	95.5919	YES	YES	YES
FDH	narrow_quarter	0.1018572	95.5919	YES	YES	YES
HYD3pp	open_reverse	0.1018572	95.5919	YES	YES	YES
HYD3pp	widen_ub_5x	0.1018572	95.5919	YES	YES	YES
HYD3pp	widen_ub_2x	0.1018572	95.5919	YES	YES	YES
HYD3pp	close	0.1018572	95.5919	YES	YES	YES
HYD3pp	narrow_half	0.1018572	95.5919	YES	YES	YES
HYD3pp	narrow_quarter	0.1018572	95.5919	YES	YES	YES
Htpp	open_reverse	0.1018572	95.5919	YES	YES	YES
Htpp	widen_ub_5x	0.1018572	95.5919	YES	YES	YES
Htpp	widen_ub_2x	0.1018572	95.5919	YES	YES	YES
Htpp	close	0.1018572	95.5919	YES	YES	YES
Htpp	narrow_half	0.1018572	95.5919	YES	YES	YES
Htpp	narrow_quarter	0.1018572	95.5919	YES	YES	YES
GLCtex	widen_ub_5x	0.1018572	95.5919	YES	YES	YES
GLCtex	widen_ub_2x	0.1018572	95.5919	YES	YES	YES
GLCtex	narrow_half	0.1018572	95.5919	YES	YES	YES
GLCtex	narrow_quarter	0.1018572	95.5919	YES	YES	YES
GLCtpp	widen_ub_5x	0.1018572	95.5919	YES	YES	YES
GLCtpp	widen_ub_2x	0.1018572	95.5919	YES	YES	YES
GLCtpp	narrow_half	0.1018572	95.5919	YES	YES	YES
GLCtpp	narrow_quarter	0.1018572	95.5919	YES	YES	YES
Ex_glc-B[e]	widen_ub_5x	0.1018572	95.5919	YES	YES	YES
Ex_glc-B[e]	widen_ub_2x	0.1018572	95.5919	YES	YES	YES
Ex_glc-B[e]	narrow_half	0.1018572	95.5919	YES	YES	YES
Ex_glc-B[e]	narrow_quarter	0.1018572	95.5919	YES	YES	YES
FDH	close	0.1017822	95.4479	YES	YES	YES
SBPASE	close	0.1013554	94.6284	YES	YES	YES
PPC	close	0.1008024	93.5664	YES	YES	YES
TALA	close	0.1005219	93.0277	YES	YES	YES
NADTRHD	close	0.0827392	58.8804	YES	YES	YES
PGI1	close	0.0528427	1.4715	no	no	no
BDGK	close	0.0520764	-0.0	no	no	no
GLCtex	close	0.0520764	-0.0	no	no	no
GLCtpp	close	0.0520764	-0.0	no	no	no
Ex_glc-B[e]	close	0.0520764	-0.0	no	no	no
MDH	close	0.0448298	-13.9152	no	no	no
FUM	close	0.0448298	-13.9152	no	no	no
NADHI	close	-0.0	-100.0	no	no	no
CYTBC1	close	-0.0	-100.0	no	no	no
CYTA2	close	-0.0	-100.0	no	no	no
PGM1	close	-0.0	-100.0	no	no	no
ENO	close	-0.0	-100.0	no	no	no
PYK	close	-0.0	-100.0	no	no	no
PDH	close	-0.0	-100.0	no	no	no
TKT1	close	-0.0	-100.0	no	no	no
TKT2	close	-0.0	-100.0	no	no	no
RPI	close	-0.0	-100.0	no	no	no
RPE	close	-0.0	-100.0	no	no	no
PRUK	close	-0.0	-100.0	no	no	no
RUBISCO	close	-0.0	-100.0	no	no	no
CS	close	-0.0	-100.0	no	no	no
ICDHyr	close	-0.0	-100.0	no	no	no
SUCD	close	-0.0	-100.0	no	no	no
SUCOAS	close	-0.0	-100.0	no	no	no
ACS	close	-0.0	-100.0	no	no	no
