transport	condition	case	glucose_uptake_cap	growth	glucose_uptake	donor_uptake	oxygen_uptake	co2_hco3_uptake	ATPM	BDGK	PFK	G6PDH2	PGL	PGDH	DDGPA	RPI	RPE	TKT1	TKT2	TALA	PRUK	FBA	PGI1	FBP	GAPD1	PGK	PGM1	ENO	PYK	PDH	RUBISCO	PPC	CS	NADTRHD
T0	FIM	glucose_cap_0.0	0.0	0.052076387	-0.0	-164.508003	-38.663159	-2.0	3.475	-0.0	0.0	-0.0	-0.0	0.0	-0.0	0.689213	-1.480497	-0.748615	0.731882	-0.0	2.165706	-0.761826	-0.009712	0.761826	3.741483	3.741483	0.527641	0.527641	0.330915	0.163682	2.165706	0.15803	0.057329	0.727444
T0	FIM	glucose_cap_0.05	0.05	0.059887845	-0.049993	-175.127619	-41.248499	-2.0	3.475	0.049993	0.0	-0.0	-0.0	0.0	-0.0	0.69259	-1.502563	-0.760903	0.74166	-0.0	2.190549	-0.7261	0.038826	0.7261	3.702691	3.702691	0.606775	0.606775	0.380539	0.188221	2.190549	0.181735	0.065929	0.836537
T0	FIM	glucose_cap_0.1	0.1	0.067699303	-0.099993	-185.747703	-43.833944	-2.0	3.475	0.099993	0.0	-0.0	-0.0	0.0	-0.0	0.695971	-1.524637	-0.773195	0.751442	-0.0	2.215404	-0.690373	0.087369	0.690373	3.663911	3.663911	0.685921	0.685921	0.430176	0.212771	2.215404	0.20544	0.074528	0.945652
T0	FIM	glucose_cap_0.25	0.25	0.091133677	-0.249993	-217.607956	-51.590279	-2.0	3.475	0.249993	0.0	-0.0	-0.0	0.0	-0.0	0.706115	-1.590858	-0.81007	0.780788	-0.0	2.289968	-0.583193	0.232999	0.583193	3.54757	3.54757	0.923358	0.923358	0.579085	0.286424	2.289968	0.276555	0.100327	1.272998
T0	FIM	glucose_cap_0.5	0.5	0.130190968	-0.499993	-270.708376	-64.517505	-2.0	3.475	0.499993	0.0	-0.0	-0.0	0.0	-0.0	0.723022	-1.701228	-0.87153	0.829698	-0.0	2.414241	-0.404559	0.475715	0.404559	3.35367	3.35367	1.319088	1.319088	0.827267	0.409179	2.414241	0.39508	0.143325	1.818575
T0	FIM	glucose_cap_1.0	1.0	0.208305548	-0.999992	-376.909218	-90.371957	-2.0	3.475	0.999992	0.0	-0.0	-0.0	0.0	-0.0	0.756836	-1.921966	-0.994448	0.927518	-0.0	2.662787	-0.047292	0.961148	0.047292	2.965869	2.965869	2.110547	2.110547	1.32363	0.654688	2.662787	0.63213	0.22932	2.909729
T0	FIM	glucose_cap_2.0	2.0	0.36453471	-1.999991	-589.310901	-142.080861	-2.0	3.475	1.999991	0.0	-0.0	-0.0	0.0	-0.0	0.824463	-2.363442	-1.240286	1.123157	-0.667242	3.15988	-0.0	1.932013	-0.0	2.190267	2.190267	3.693464	3.693464	2.316358	1.145706	3.15988	1.106229	0.401311	5.092036
T0	FIM	glucose_cap_5.0	5.0	0.666609809	-3.933528	-999.997734	-242.062017	-2.0	3.475	3.933528	0.0	-0.0	-0.0	0.0	-0.0	0.955223	-3.217054	-1.715622	1.501432	-2.048822	4.121028	-0.0	3.809219	0.0	0.690611	0.690611	6.754096	6.754096	4.235835	2.095109	4.121028	2.022918	0.733862	9.31161
T0	TTM	glucose_cap_0.0	0.0	0.052076387	-0.0	-5.215798	-15.792323	-2.0	3.475	-0.0	0.0	-0.0	-0.0	0.0	-0.0	0.689213	-1.480497	-0.748615	0.731882	-0.0	2.165706	-0.761826	-0.009712	0.761826	3.741483	3.741483	0.527641	0.527641	0.330915	0.163682	2.165706	0.15803	0.057329	0.727444
T0	TTM	glucose_cap_0.05	0.05	0.059887845	-0.049993	-5.587022	-17.022176	-2.0	3.475	0.049993	0.0	-0.0	-0.0	0.0	-0.0	0.69259	-1.502563	-0.760903	0.74166	-0.0	2.190549	-0.7261	0.038826	0.7261	3.702691	3.702691	0.606775	0.606775	0.380539	0.188221	2.190549	0.181735	0.065929	0.836537
T0	TTM	glucose_cap_0.1	0.1	0.067699303	-0.099993	-5.95826	-18.252063	-2.0	3.475	0.099993	0.0	-0.0	-0.0	0.0	-0.0	0.695971	-1.524637	-0.773195	0.751442	-0.0	2.215404	-0.690373	0.087369	0.690373	3.663911	3.663911	0.685921	0.685921	0.430176	0.212771	2.215404	0.20544	0.074528	0.945652
T0	TTM	glucose_cap_0.25	0.25	0.091133677	-0.249993	-7.071973	-21.941723	-2.0	3.475	0.249993	0.0	-0.0	-0.0	0.0	-0.0	0.706115	-1.590858	-0.81007	0.780788	-0.0	2.289968	-0.583193	0.232999	0.583193	3.54757	3.54757	0.923358	0.923358	0.579085	0.286424	2.289968	0.276555	0.100327	1.272998
T0	TTM	glucose_cap_0.5	0.5	0.130190968	-0.499993	-8.928161	-28.091156	-2.0	3.475	0.499993	0.0	-0.0	-0.0	0.0	-0.0	0.723022	-1.701228	-0.87153	0.829698	-0.0	2.414241	-0.404559	0.475715	0.404559	3.35367	3.35367	1.319088	1.319088	0.827267	0.409179	2.414241	0.39508	0.143325	1.818575
T0	TTM	glucose_cap_1.0	1.0	0.208305548	-0.999992	-12.640537	-40.390024	-2.0	3.475	0.999992	0.0	-0.0	-0.0	0.0	-0.0	0.756836	-1.921966	-0.994448	0.927518	-0.0	2.662787	-0.047292	0.961148	0.047292	2.965869	2.965869	2.110547	2.110547	1.32363	0.654688	2.662787	0.63213	0.22932	2.909729
T0	TTM	glucose_cap_2.0	2.0	0.36453471	-1.999991	-20.065289	-64.987758	-2.0	3.475	1.999991	0.0	-0.0	-0.0	0.0	-0.0	0.824463	-2.363442	-1.240286	1.123157	-0.667242	3.15988	-0.0	1.932013	-0.0	2.190267	2.190267	3.693464	3.693464	2.316358	1.145706	3.15988	1.106229	0.401311	5.092036
T0	TTM	glucose_cap_5.0	5.0	0.833222194	-4.999988	-42.365211	-138.87079	-2.0	3.475	4.999988	0.0	0.0	-0.0	-0.0	-0.0	1.054653	-3.742488	-2.005106	1.737382	-2.783538	4.733082	-0.0	4.844609	0.0	-0.0	0.0	8.442217	8.442217	5.349156	2.673377	4.733082	2.473912	0.917284	11.638957
T0	TSM	glucose_cap_0.0	0.0	0.052076387	-0.0	-9.12765	-15.792331	-2.0	3.475	-0.0	0.0	-0.0	-0.0	0.0	-0.0	0.689213	-1.480497	-0.748615	0.731882	-0.0	2.165706	-0.761826	-0.009712	0.761826	3.741483	3.741483	0.527641	0.527641	0.330915	0.163682	2.165706	0.15803	0.057329	0.727444
T0	TSM	glucose_cap_0.05	0.05	0.059887845	-0.049993	-9.777294	-17.022185	-2.0	3.475	0.049993	0.0	-0.0	-0.0	0.0	-0.0	0.69259	-1.502563	-0.760903	0.74166	-0.0	2.190549	-0.7261	0.038826	0.7261	3.702691	3.702691	0.606775	0.606775	0.380539	0.188221	2.190549	0.181735	0.065929	0.836537
T0	TSM	glucose_cap_0.1	0.1	0.067699303	-0.099993	-10.42696	-18.252073	-2.0	3.475	0.099993	0.0	-0.0	-0.0	0.0	-0.0	0.695971	-1.524637	-0.773195	0.751442	-0.0	2.215404	-0.690373	0.087369	0.690373	3.663911	3.663911	0.685921	0.685921	0.430176	0.212771	2.215404	0.20544	0.074528	0.945652
T0	TSM	glucose_cap_0.25	0.25	0.091133677	-0.249993	-12.375959	-21.941737	-2.0	3.475	0.249993	0.0	-0.0	-0.0	0.0	-0.0	0.706115	-1.590858	-0.81007	0.780788	-0.0	2.289968	-0.583193	0.232999	0.583193	3.54757	3.54757	0.923358	0.923358	0.579085	0.286424	2.289968	0.276555	0.100327	1.272998
T0	TSM	glucose_cap_0.5	0.5	0.130190968	-0.499993	-15.624292	-28.091177	-2.0	3.475	0.499993	0.0	-0.0	-0.0	0.0	-0.0	0.723022	-1.701228	-0.87153	0.829698	-0.0	2.414241	-0.404559	0.475715	0.404559	3.35367	3.35367	1.319088	1.319088	0.827267	0.409179	2.414241	0.39508	0.143325	1.818575
T0	TSM	glucose_cap_1.0	1.0	0.208305548	-0.999992	-22.120956	-40.390057	-2.0	3.475	0.999992	0.0	-0.0	-0.0	0.0	-0.0	0.756836	-1.921966	-0.994448	0.927518	-0.0	2.662787	-0.047292	0.961148	0.047292	2.965869	2.965869	2.110547	2.110547	1.32363	0.654688	2.662787	0.63213	0.22932	2.909729
T0	TSM	glucose_cap_2.0	2.0	0.36453471	-1.999991	-35.114284	-64.987816	-2.0	3.475	1.999991	0.0	-0.0	-0.0	0.0	-0.0	0.824463	-2.363442	-1.240286	1.123157	-0.667242	3.15988	-0.0	1.932013	-0.0	2.190267	2.190267	3.693464	3.693464	2.316358	1.145706	3.15988	1.106229	0.401311	5.092036
T0	TSM	glucose_cap_5.0	5.0	0.833222194	-4.999988	-74.139184	-138.870922	-2.0	3.475	4.999988	0.0	0.0	-0.0	-0.0	-0.0	1.054653	-3.742488	-2.005106	1.737382	-2.783538	4.733082	-0.0	4.844609	0.0	-0.0	0.0	8.442217	8.442217	5.349156	2.673377	4.733082	2.473912	0.917284	11.638957
TH	FIM	glucose_cap_0.0	0.0	0.052076387	-0.0	-164.508003	-38.663159	-2.0	3.475	-0.0	0.0	-0.0	-0.0	0.0	-0.0	0.689213	-1.480497	-0.748615	0.731882	-0.0	2.165706	-0.761826	-0.009712	0.761826	3.741483	3.741483	0.527641	0.527641	0.330915	0.163682	2.165706	0.15803	0.057329	0.727444
TH	FIM	glucose_cap_0.05	0.05	0.059887845	-0.049993	-175.177612	-41.260997	-2.0	3.475	0.049993	0.0	-0.0	-0.0	0.0	-0.0	0.69259	-1.502563	-0.760903	0.74166	-0.0	2.190549	-0.7261	0.038826	0.7261	3.702691	3.702691	0.606775	0.606775	0.380539	0.188221	2.190549	0.181735	0.065929	0.836537
TH	FIM	glucose_cap_0.1	0.1	0.067699303	-0.099993	-185.847696	-43.858942	-2.0	3.475	0.099993	0.0	-0.0	-0.0	0.0	-0.0	0.695971	-1.524637	-0.773195	0.751442	-0.0	2.215404	-0.690373	0.087369	0.690373	3.663911	3.663911	0.685921	0.685921	0.430176	0.212771	2.215404	0.20544	0.074528	0.945652
TH	FIM	glucose_cap_0.25	0.25	0.091133677	-0.249993	-217.857949	-51.652778	-2.0	3.475	0.249993	0.0	-0.0	-0.0	0.0	-0.0	0.706115	-1.590858	-0.81007	0.780788	-0.0	2.289968	-0.583193	0.232999	0.583193	3.54757	3.54757	0.923358	0.923358	0.579085	0.286424	2.289968	0.276555	0.100327	1.272998
TH	FIM	glucose_cap_0.5	0.5	0.130190968	-0.499993	-271.208369	-64.642504	-2.0	3.475	0.499993	0.0	-0.0	-0.0	0.0	-0.0	0.723022	-1.701228	-0.87153	0.829698	-0.0	2.414241	-0.404559	0.475715	0.404559	3.35367	3.35367	1.319088	1.319088	0.827267	0.409179	2.414241	0.39508	0.143325	1.818575
TH	FIM	glucose_cap_1.0	1.0	0.208305548	-0.999992	-377.90921	-90.621955	-2.0	3.475	0.999992	0.0	-0.0	-0.0	0.0	-0.0	0.756836	-1.921966	-0.994448	0.927518	-0.0	2.662787	-0.047292	0.961148	0.047292	2.965869	2.965869	2.110547	2.110547	1.32363	0.654688	2.662787	0.63213	0.22932	2.909729
TH	FIM	glucose_cap_2.0	2.0	0.36453471	-1.999991	-591.310892	-142.580859	-2.0	3.475	1.999991	0.0	-0.0	-0.0	0.0	-0.0	0.824463	-2.363442	-1.240286	1.123157	-0.667242	3.15988	-0.0	1.932013	-0.0	2.190267	2.190267	3.693464	3.693464	2.316358	1.145706	3.15988	1.106229	0.401311	5.092036
TH	FIM	glucose_cap_5.0	5.0	0.663730109	-3.915095	-999.997727	-242.087665	-2.0	3.475	3.915095	0.0	-0.0	-0.0	0.0	-0.0	0.953977	-3.208917	-1.71109	1.497826	-2.035652	4.111866	-0.0	3.791323	0.0	0.704907	0.704907	6.724919	6.724919	4.217536	2.086059	4.111866	2.01418	0.730692	9.271385
TH	TTM	glucose_cap_0.0	0.0	0.052076387	-0.0	-5.215798	-15.792323	-2.0	3.475	-0.0	0.0	-0.0	-0.0	0.0	-0.0	0.689213	-1.480497	-0.748615	0.731882	-0.0	2.165706	-0.761826	-0.009712	0.761826	3.741483	3.741483	0.527641	0.527641	0.330915	0.163682	2.165706	0.15803	0.057329	0.727444
TH	TTM	glucose_cap_0.05	0.05	0.059887845	-0.049993	-5.588902	-17.028754	-2.0	3.475	0.049993	0.0	-0.0	-0.0	0.0	-0.0	0.69259	-1.502563	-0.760903	0.74166	-0.0	2.190549	-0.7261	0.038826	0.7261	3.702691	3.702691	0.606775	0.606775	0.380539	0.188221	2.190549	0.181735	0.065929	0.836537
TH	TTM	glucose_cap_0.1	0.1	0.067699303	-0.099993	-5.962019	-18.26522	-2.0	3.475	0.099993	0.0	-0.0	-0.0	0.0	-0.0	0.695971	-1.524637	-0.773195	0.751442	-0.0	2.215404	-0.690373	0.087369	0.690373	3.663911	3.663911	0.685921	0.685921	0.430176	0.212771	2.215404	0.20544	0.074528	0.945652
TH	TTM	glucose_cap_0.25	0.25	0.091133677	-0.249993	-7.081371	-21.974617	-2.0	3.475	0.249993	0.0	-0.0	-0.0	0.0	-0.0	0.706115	-1.590858	-0.81007	0.780788	-0.0	2.289968	-0.583193	0.232999	0.583193	3.54757	3.54757	0.923358	0.923358	0.579085	0.286424	2.289968	0.276555	0.100327	1.272998
TH	TTM	glucose_cap_0.5	0.5	0.130190968	-0.499993	-8.946957	-28.156945	-2.0	3.475	0.499993	0.0	-0.0	-0.0	0.0	-0.0	0.723022	-1.701228	-0.87153	0.829698	-0.0	2.414241	-0.404559	0.475715	0.404559	3.35367	3.35367	1.319088	1.319088	0.827267	0.409179	2.414241	0.39508	0.143325	1.818575
TH	TTM	glucose_cap_1.0	1.0	0.208305548	-0.999992	-12.67813	-40.521602	-2.0	3.475	0.999992	0.0	-0.0	-0.0	0.0	-0.0	0.756836	-1.921966	-0.994448	0.927518	-0.0	2.662787	-0.047292	0.961148	0.047292	2.965869	2.965869	2.110547	2.110547	1.32363	0.654688	2.662787	0.63213	0.22932	2.909729
TH	TTM	glucose_cap_2.0	2.0	0.36453471	-1.999991	-20.140477	-65.250915	-2.0	3.475	1.999991	0.0	-0.0	-0.0	0.0	-0.0	0.824463	-2.363442	-1.240286	1.123157	-0.667242	3.15988	-0.0	1.932013	-0.0	2.190267	2.190267	3.693464	3.693464	2.316358	1.145706	3.15988	1.106229	0.401311	5.092036
TH	TTM	glucose_cap_5.0	5.0	0.833222194	-4.999988	-42.55318	-139.528683	-2.0	3.475	4.999988	0.0	0.0	-0.0	-0.0	-0.0	1.054653	-3.742488	-2.005106	1.737382	-2.783538	4.733082	-0.0	4.844609	0.0	-0.0	0.0	8.442217	8.442217	5.349156	2.673377	4.733082	2.473912	0.917284	11.638957
TH	TSM	glucose_cap_0.0	0.0	0.052076387	-0.0	-9.12765	-15.792331	-2.0	3.475	-0.0	0.0	-0.0	-0.0	0.0	-0.0	0.689213	-1.480497	-0.748615	0.731882	-0.0	2.165706	-0.761826	-0.009712	0.761826	3.741483	3.741483	0.527641	0.527641	0.330915	0.163682	2.165706	0.15803	0.057329	0.727444
TH	TSM	glucose_cap_0.05	0.05	0.059887845	-0.049993	-9.780583	-17.028763	-2.0	3.475	0.049993	0.0	-0.0	-0.0	0.0	-0.0	0.69259	-1.502563	-0.760903	0.74166	-0.0	2.190549	-0.7261	0.038826	0.7261	3.702691	3.702691	0.606775	0.606775	0.380539	0.188221	2.190549	0.181735	0.065929	0.836537
TH	TSM	glucose_cap_0.1	0.1	0.067699303	-0.099993	-10.433539	-18.26523	-2.0	3.475	0.099993	0.0	-0.0	-0.0	0.0	-0.0	0.695971	-1.524637	-0.773195	0.751442	-0.0	2.215404	-0.690373	0.087369	0.690373	3.663911	3.663911	0.685921	0.685921	0.430176	0.212771	2.215404	0.20544	0.074528	0.945652
TH	TSM	glucose_cap_0.25	0.25	0.091133677	-0.249993	-12.392406	-21.974631	-2.0	3.475	0.249993	0.0	-0.0	-0.0	0.0	-0.0	0.706115	-1.590858	-0.81007	0.780788	-0.0	2.289968	-0.583193	0.232999	0.583193	3.54757	3.54757	0.923358	0.923358	0.579085	0.286424	2.289968	0.276555	0.100327	1.272998
TH	TSM	glucose_cap_0.5	0.5	0.130190968	-0.499993	-15.657186	-28.156966	-2.0	3.475	0.499993	0.0	-0.0	-0.0	0.0	-0.0	0.723022	-1.701228	-0.87153	0.829698	-0.0	2.414241	-0.404559	0.475715	0.404559	3.35367	3.35367	1.319088	1.319088	0.827267	0.409179	2.414241	0.39508	0.143325	1.818575
TH	TSM	glucose_cap_1.0	1.0	0.208305548	-0.999992	-22.186745	-40.521635	-2.0	3.475	0.999992	0.0	-0.0	-0.0	0.0	-0.0	0.756836	-1.921966	-0.994448	0.927518	-0.0	2.662787	-0.047292	0.961148	0.047292	2.965869	2.965869	2.110547	2.110547	1.32363	0.654688	2.662787	0.63213	0.22932	2.909729
TH	TSM	glucose_cap_2.0	2.0	0.36453471	-1.999991	-35.245863	-65.250973	-2.0	3.475	1.999991	0.0	-0.0	-0.0	0.0	-0.0	0.824463	-2.363442	-1.240286	1.123157	-0.667242	3.15988	-0.0	1.932013	-0.0	2.190267	2.190267	3.693464	3.693464	2.316358	1.145706	3.15988	1.106229	0.401311	5.092036
TH	TSM	glucose_cap_5.0	5.0	0.833222194	-4.999988	-74.468131	-139.528815	-2.0	3.475	4.999988	0.0	0.0	-0.0	-0.0	-0.0	1.054653	-3.742488	-2.005106	1.737382	-2.783538	4.733082	-0.0	4.844609	0.0	-0.0	0.0	8.442217	8.442217	5.349156	2.673377	4.733082	2.473912	0.917284	11.638957
