branch	objective_mode	max_intervention_cost	solver_status	solution_id	total_intervention_cost	KO_count	OE_count	KO_reaction_ids	regulatory_constraints	biomass_inner_optimum	biomass	glucose	rubisco	fe2	o2	co2_h2co3	robust_validation_failures	reconstruction_status	input_fingerprint	solver_attempts	runtime_seconds	glucose_off_status	glucose_off_biomass	glucose_contribution_delta	source_solutions	design_key
S01	BASELINE_REFERENCE	0	baseline_reference	S01_BASELINE_C0	0	0	0			0.07950623572127512	0.07950622572127523	-0.5	0.0791344957512799	-157.78499458957722	-38.4815426751541	-0.053446690841273806		optimal	4d5c5dc0d09765a6b1c9e0a6e2fd7b6d7fcfdd93bdc0db00f19078c15ebe947e			optimal	0.0020670235448000097	0.07743920217647522	BASELINE_REFERENCE|0|S01_BASELINE_C0;CBB_min|1|S01_CBB_min_C1_S1;CBB_min|2|S01_CBB_min_C2_S1;CBB_min|4|S01_CBB_min_C4_S1;CBB_min|6|S01_CBB_min_C6_S1;O2_efficiency|1|S01_O2_efficiency_C1_S1;O2_efficiency|1|S01_O2_efficiency_C1_S2;O2_efficiency|1|S01_O2_efficiency_C1_S3;O2_efficiency|1|S01_O2_efficiency_C1_S4;O2_efficiency|1|S01_O2_efficiency_C1_S5	KO=|REG=
S01	CO2_efficiency	1	time_limit_w_sols	S01_CO2_efficiency_C1_S1	1	1	0	HCO3tex		0.07811458065417183	0.07811458065411067	-0.4999999999999729	0.0791344957512799	-157.58019132649682	-38.4815426751541	0.0		optimal	4d5c5dc0d09765a6b1c9e0a6e2fd7b6d7fcfdd93bdc0db00f19078c15ebe947e	"[{""compress"": true, ""runtime_seconds"": 7.623377799987793, ""skip_preprocessing_fvas"": false, ""solver"": ""scip"", ""status"": ""error""}, {""compress"": false, ""runtime_seconds"": 306.9403200149536, ""skip_preprocessing_fvas"": true, ""solver"": ""scip"", ""status"": ""time_limit_w_sols""}]"	316.8438386917114	optimal	6.134079745822471e-14	0.07811458065404933	CO2_efficiency|1|S01_CO2_efficiency_C1_S1;CO2_efficiency|2|S01_CO2_efficiency_C2_S1;CO2_efficiency|4|S01_CO2_efficiency_C4_S1;CO2_efficiency|6|S01_CO2_efficiency_C6_S1	KO=HCO3tex|REG=
S01	CO2_efficiency	1	time_limit_w_sols	S01_CO2_efficiency_C1_S2	1	1	0	HCO3tpp		0.07811458065417184	0.07811458065411045	-0.499999999999992	0.0791344957512799	-157.58019132649687	-38.4815426751541	0.0		optimal	4d5c5dc0d09765a6b1c9e0a6e2fd7b6d7fcfdd93bdc0db00f19078c15ebe947e	"[{""compress"": true, ""runtime_seconds"": 7.623377799987793, ""skip_preprocessing_fvas"": false, ""solver"": ""scip"", ""status"": ""error""}, {""compress"": false, ""runtime_seconds"": 306.9403200149536, ""skip_preprocessing_fvas"": true, ""solver"": ""scip"", ""status"": ""time_limit_w_sols""}]"	319.55466866493225	optimal	6.134079745822457e-14	0.07811458065404911	CO2_efficiency|1|S01_CO2_efficiency_C1_S2;CO2_efficiency|2|S01_CO2_efficiency_C2_S2;CO2_efficiency|4|S01_CO2_efficiency_C4_S2;CO2_efficiency|6|S01_CO2_efficiency_C6_S2	KO=HCO3tpp|REG=
S01	CO2_efficiency	1	time_limit_w_sols	S01_CO2_efficiency_C1_S3	1	0	1		TKT2 >= 0.097719444694	0.0782203451672018	0.07822033516720188	-0.5	0.0791344957512799	-157.52850260938953	-38.4815426751541	-0.0040618990263038175		optimal	4d5c5dc0d09765a6b1c9e0a6e2fd7b6d7fcfdd93bdc0db00f19078c15ebe947e	"[{""compress"": true, ""runtime_seconds"": 7.623377799987793, ""skip_preprocessing_fvas"": false, ""solver"": ""scip"", ""status"": ""error""}, {""compress"": false, ""runtime_seconds"": 306.9403200149536, ""skip_preprocessing_fvas"": true, ""solver"": ""scip"", ""status"": ""time_limit_w_sols""}]"	321.86715865135193	infeasible			CO2_efficiency|1|S01_CO2_efficiency_C1_S3	KO=|REG=TKT2 >= 0.097719444694
S01	CO2_efficiency	1	time_limit_w_sols	S01_CO2_efficiency_C1_S4	1	0	1		TKT1 <= -0.118536711739	0.07839291166756089	0.07839290166756105	-0.5	0.0791344957512799	-157.56292383073756	-38.4815426751541	-0.010689336525615902		optimal	4d5c5dc0d09765a6b1c9e0a6e2fd7b6d7fcfdd93bdc0db00f19078c15ebe947e	"[{""compress"": true, ""runtime_seconds"": 7.623377799987793, ""skip_preprocessing_fvas"": false, ""solver"": ""scip"", ""status"": ""error""}, {""compress"": false, ""runtime_seconds"": 306.9403200149536, ""skip_preprocessing_fvas"": true, ""solver"": ""scip"", ""status"": ""time_limit_w_sols""}]"	324.61232233047485	infeasible			CO2_efficiency|1|S01_CO2_efficiency_C1_S4	KO=|REG=TKT1 <= -0.118536711739
S01	CO2_efficiency	6	time_limit_w_sols	S01_CO2_efficiency_C6_S3	2	0	2		HCO3E >= 0.144901475541;HYD3pp >= 0.429635297224	0.07818358242122793	0.07818357242122806	-0.5	0.0791344957512799	-156.73107562467175	-38.4815426751541	-0.002650134395831284		optimal	4d5c5dc0d09765a6b1c9e0a6e2fd7b6d7fcfdd93bdc0db00f19078c15ebe947e	"[{""compress"": true, ""runtime_seconds"": 17.14553666114807, ""skip_preprocessing_fvas"": false, ""solver"": ""scip"", ""status"": ""error""}, {""compress"": false, ""runtime_seconds"": 306.886962890625, ""skip_preprocessing_fvas"": true, ""solver"": ""scip"", ""status"": ""time_limit_w_sols""}]"	330.8776144981384	infeasible			CO2_efficiency|6|S01_CO2_efficiency_C6_S3	KO=|REG=HCO3E >= 0.144901475541;HYD3pp >= 0.429635297224
S03	BASELINE_REFERENCE	0	baseline_reference	S03_BASELINE_C0	0	0	0			0.08008985260380451	0.0800898426038046	-0.5	0.0791344957512799	-158.02163744419406	-38.4815426751541	-0.07586056556040716		optimal	0aa8eb20230f34f234e829ebcbeac0309db2a12c58222305179e3caa4a4c28ff			optimal	0.00208257255420783	0.07800727004959677	BASELINE_REFERENCE|0|S03_BASELINE_C0;CBB_min|1|S03_CBB_min_C1_S1;CBB_min|2|S03_CBB_min_C2_S1;CBB_min|4|S03_CBB_min_C4_S1;CBB_min|6|S03_CBB_min_C6_S1;O2_efficiency|1|S03_O2_efficiency_C1_S1;O2_efficiency|1|S03_O2_efficiency_C1_S2;O2_efficiency|1|S03_O2_efficiency_C1_S3;O2_efficiency|1|S03_O2_efficiency_C1_S4;O2_efficiency|1|S03_O2_efficiency_C1_S5	KO=|REG=
S03	CO2_efficiency	6	time_limit_w_sols	S03_CO2_efficiency_C6_S3	1	0	1		THRS >= 0.31893076874	0.07904958399632492	0.07904957399632498	-0.5	0.0791344957512799	-157.8665880285512	-38.4815426751541	-0.03590892698447832		optimal	0aa8eb20230f34f234e829ebcbeac0309db2a12c58222305179e3caa4a4c28ff	"[{""compress"": true, ""runtime_seconds"": 18.82612633705139, ""skip_preprocessing_fvas"": false, ""solver"": ""scip"", ""status"": ""error""}, {""compress"": false, ""runtime_seconds"": 307.30809903144836, ""skip_preprocessing_fvas"": true, ""solver"": ""scip"", ""status"": ""time_limit_w_sols""}]"	333.16395378112793	infeasible			CO2_efficiency|6|S03_CO2_efficiency_C6_S3	KO=|REG=THRS >= 0.31893076874
S03	CO2_efficiency	6	time_limit_w_sols	S03_CO2_efficiency_C6_S4	1	0	1		TPI <= -0.318012781737	0.07850963504388772	0.07850962504388771	-0.5	0.0791344957512799	-157.78610985998088	-38.4815426751541	-0.015172112034478597		optimal	0aa8eb20230f34f234e829ebcbeac0309db2a12c58222305179e3caa4a4c28ff	"[{""compress"": true, ""runtime_seconds"": 18.82612633705139, ""skip_preprocessing_fvas"": false, ""solver"": ""scip"", ""status"": ""error""}, {""compress"": false, ""runtime_seconds"": 307.30809903144836, ""skip_preprocessing_fvas"": true, ""solver"": ""scip"", ""status"": ""time_limit_w_sols""}]"	335.62187242507935	infeasible			CO2_efficiency|6|S03_CO2_efficiency_C6_S4	KO=|REG=TPI <= -0.318012781737
