总序号	当前locus	旧AFE	2026动作	2016关联反应	具体处理	未决点	来源ID
1466	RU820_RS07750	AFE_1677	证据不足暂缓		保留候选，待精确反应/身份核实	当前NorD名称与旧文献CbbO1指称冲突；KEGG K02448/R00294不能直接作为本蛋白催化反应。	G56-S01;G56-S02;G56-S03;G56-S04;G56-S05;G56-S06;G56-S07;G56-S08;G56-P01
1467	RU820_RS07755	AFE_1678	证据不足暂缓		保留候选，待精确反应/身份核实	数据库候选尚未逐反应证明精确化学式、区室及2016等价状态。	G56-S01;G56-S02;G56-S03;G56-S04;G56-S05;G56-S06;G56-S07;G56-S08;G56-P01
1468	RU820_RS07760	AFE_1680	无需修改		保留现状	当前证据未给出可加入代谢模型的精确反应。	G56-S01;G56-S02;G56-S03;G56-S04;G56-S05;G56-S06;G56-S07;G56-S08
1469	RU820_RS07765	AFE_1681	无需修改		保留现状	当前证据未给出可加入代谢模型的精确反应。	G56-S01;G56-S02;G56-S03;G56-S04;G56-S05;G56-S06;G56-S08
1470	RU820_RS07770	AFE_1682	证据不足暂缓		保留候选，待精确反应/身份核实	数据库候选尚未逐反应证明精确化学式、区室及2016等价状态。	G56-S01;G56-S02;G56-S03;G56-S04;G56-S05;G56-S06;G56-S07;G56-S08;G56-S09
1471	RU820_RS07775	AFE_1683	无需修改		保留现状	当前证据未给出可加入代谢模型的精确反应。	G56-S01;G56-S02;G56-S03;G56-S04;G56-S05;G56-S06;G56-S08;G56-P01
1472	RU820_RS07780	AFE_1684	无需修改		保留现状	当前证据未给出可加入代谢模型的精确反应。	G56-S01;G56-S02;G56-S03;G56-S04;G56-S05;G56-S06;G56-S08;G56-P01
1473	RU820_RS07785	AFE_1685	无需修改		保留现状	当前证据未给出可加入代谢模型的精确反应。	G56-S01;G56-S02;G56-S03;G56-S04;G56-S05;G56-S06;G56-S07;G56-S08;G56-P01
1474	RU820_RS07790	AFE_1686	无需修改		保留现状	当前证据未给出可加入代谢模型的精确反应。	G56-S01;G56-S02;G56-S03;G56-S04;G56-S05;G56-S06;G56-S08;G56-P01
1475	RU820_RS07795	AFE_1687	无需修改		保留现状	当前证据未给出可加入代谢模型的精确反应。	G56-S01;G56-S02;G56-S03;G56-S04;G56-S05;G56-S06;G56-S08;G56-P01
1476	RU820_RS07800	AFE_1688	证据不足暂缓		保留候选，待精确反应/身份核实	CsoS3/Can1为羧酶体壳碳酸酐酶候选；旧HCO3E已有AFE_0287，羧酶体区室与可合并性未证。	G56-S01;G56-S02;G56-S03;G56-S04;G56-S05;G56-S06;G56-S07;G56-S08;G56-P01;G56-P05
1477	RU820_RS07805	AFE_1689	无需修改		保留现状	当前证据未给出可加入代谢模型的精确反应。	G56-S01;G56-S02;G56-S03;G56-S04;G56-S05;G56-S06;G56-S08;G56-P01;G56-P05
1478	RU820_RS07810	AFE_1690	仅更新证据或编号	RUBISCO	只修订本组证据与反应评分；不改模型	2016高分的所引证据未直接测本蛋白的逐反应催化；反应级行将2026分数按间接证据评2，旧行保留。	G56-S01;G56-S02;G56-S03;G56-S04;G56-S05;G56-S06;G56-S07;G56-S08;G56-S09;G56-S10;G56-P01;G56-P05
1479	RU820_RS07815	AFE_1691	仅更新证据或编号	RUBISCO	只修订本组证据与反应评分；不改模型	2016高分的所引证据未直接测本蛋白的逐反应催化；反应级行将2026分数按间接证据评2，旧行保留。	G56-S01;G56-S02;G56-S03;G56-S04;G56-S05;G56-S06;G56-S07;G56-S08;G56-S09;G56-S10;G56-P01;G56-P05
1480	RU820_RS07820	未确认	无需修改		保留现状	当前证据未给出可加入代谢模型的精确反应。	G56-S01;G56-S02;G56-S03;G56-S04;G56-S05
1481	RU820_RS07825	AFE_1693	证据不足暂缓		保留候选，待精确反应/身份核实	仅有酶名/家族线索，未取得该基因专属精确底物—产物及2016等价反应核对。	G56-S01;G56-S02;G56-S03;G56-S04;G56-S05;G56-S06;G56-S08
1482	RU820_RS07830	AFE_1694	证据不足暂缓		保留候选，待精确反应/身份核实	数据库候选尚未逐反应证明精确化学式、区室及2016等价状态。	G56-S01;G56-S02;G56-S03;G56-S04;G56-S05;G56-S06;G56-S07;G56-S08
1483	RU820_RS07835	AFE_1695	证据不足暂缓		保留候选，待精确反应/身份核实	数据库候选尚未逐反应证明精确化学式、区室及2016等价状态。	G56-S01;G56-S02;G56-S03;G56-S04;G56-S05;G56-S06;G56-S07;G56-S08
1484	RU820_RS07840	AFE_1696	证据不足暂缓		保留候选，待精确反应/身份核实	数据库候选尚未逐反应证明精确化学式、区室及2016等价状态。	G56-S01;G56-S02;G56-S03;G56-S04;G56-S05;G56-S06;G56-S07;G56-S08
1485	RU820_RS07845	AFE_1697	无需修改		保留现状	当前证据未给出可加入代谢模型的精确反应。	G56-S01;G56-S02;G56-S03;G56-S04;G56-S05;G56-S08
1486	RU820_RS07850	未确认	无需修改		保留现状	当前证据未给出可加入代谢模型的精确反应。	G56-S01;G56-S02;G56-S03;G56-S04;G56-S05
1487	RU820_RS07855	AFE_1698	证据不足暂缓		保留候选，待精确反应/身份核实	数据库候选尚未逐反应证明精确化学式、区室及2016等价状态。	G56-S01;G56-S02;G56-S03;G56-S04;G56-S05;G56-S06;G56-S07;G56-S08
1488	RU820_RS07860	AFE_1699	无需修改		保留现状	当前证据未给出可加入代谢模型的精确反应。	G56-S01;G56-S02;G56-S03;G56-S04;G56-S05;G56-S06;G56-S08
1489	RU820_RS07865	AFE_1700	无需修改		保留现状	当前证据未给出可加入代谢模型的精确反应。	G56-S01;G56-S02;G56-S03;G56-S04;G56-S05;G56-S06;G56-S08
1490	RU820_RS07870	AFE_1701	无需修改		保留现状	当前证据未给出可加入代谢模型的精确反应。	G56-S01;G56-S02;G56-S03;G56-S04;G56-S05;G56-S08
1491	RU820_RS07875	未确认	无需修改		保留现状	当前证据未给出可加入代谢模型的精确反应。	G56-S01;G56-S02;G56-S03;G56-S04;G56-S05
1492	RU820_RS07885	未确认	无需修改		保留现状	当前证据未给出可加入代谢模型的精确反应。	G56-S01;G56-S02;G56-S03;G56-S04;G56-S05;G56-S06;G56-S07;G56-S08
1493	RU820_RS07890	未确认	无需修改		保留现状	当前证据未给出可加入代谢模型的精确反应。	G56-S01;G56-S02;G56-S03;G56-S04;G56-S05;G56-S06;G56-S07;G56-S08
1494	RU820_RS07895	未确认	无需修改		保留现状	当前证据未给出可加入代谢模型的精确反应。	G56-S01;G56-S02;G56-S03;G56-S04;G56-S05;G56-S06;G56-S07;G56-S08
1495	RU820_RS07900	AFE_1710	无需修改		保留现状	当前证据未给出可加入代谢模型的精确反应。	G56-S01;G56-S02;G56-S03;G56-S04;G56-S05;G56-S06;G56-S08
1496	RU820_RS07905	AFE_1711	无需修改		保留现状	当前证据未给出可加入代谢模型的精确反应。	G56-S01;G56-S02;G56-S03;G56-S04;G56-S05;G56-S06;G56-S08
1497	RU820_RS07910	AFE_1712	无需修改		保留现状	当前证据未给出可加入代谢模型的精确反应。	G56-S01;G56-S02;G56-S03;G56-S04;G56-S05;G56-S06;G56-S08
1498	RU820_RS07915	AFE_1714	无需修改		保留现状	当前证据未给出可加入代谢模型的精确反应。	G56-S01;G56-S02;G56-S03;G56-S04;G56-S05;G56-S06;G56-S08
1499	RU820_RS07920	AFE_1716	证据不足暂缓		保留候选，待精确反应/身份核实	仅有酶名/家族线索，未取得该基因专属精确底物—产物及2016等价反应核对。	G56-S01;G56-S02;G56-S03;G56-S04;G56-S05;G56-S06;G56-S08
1500	RU820_RS07925	AFE_1717	无需修改		保留现状	当前证据未给出可加入代谢模型的精确反应。	G56-S01;G56-S02;G56-S03;G56-S04;G56-S05;G56-S06;G56-S08
1501	RU820_RS07930	AFE_1719	无需修改		保留现状	当前证据未给出可加入代谢模型的精确反应。	G56-S01;G56-S02;G56-S03;G56-S04;G56-S05;G56-S06;G56-S07;G56-S08
1502	RU820_RS07935	AFE_1720	无需修改		保留现状	当前证据未给出可加入代谢模型的精确反应。	G56-S01;G56-S02;G56-S03;G56-S04;G56-S05;G56-S06;G56-S07;G56-S08
1503	RU820_RS07940	AFE_1721	无需修改		保留现状	当前证据未给出可加入代谢模型的精确反应。	G56-S01;G56-S02;G56-S03;G56-S04;G56-S05;G56-S06;G56-S08
1504	RU820_RS07945	AFE_1722	无需修改		保留现状	当前证据未给出可加入代谢模型的精确反应。	G56-S01;G56-S02;G56-S03;G56-S04;G56-S05;G56-S06;G56-S08
1505	RU820_RS07950	AFE_1723	证据不足暂缓		保留候选，待精确反应/身份核实	数据库候选尚未逐反应证明精确化学式、区室及2016等价状态。	G56-S01;G56-S02;G56-S03;G56-S04;G56-S05;G56-S06;G56-S08
1506	RU820_RS07955	AFE_1725	无需修改		保留现状	当前证据未给出可加入代谢模型的精确反应。	G56-S01;G56-S02;G56-S03;G56-S04;G56-S05;G56-S06;G56-S08
1507	RU820_RS07960	AFE_1726	无需修改		保留现状	当前证据未给出可加入代谢模型的精确反应。	G56-S01;G56-S02;G56-S03;G56-S04;G56-S05;G56-S06;G56-S08
1508	RU820_RS07965	AFE_1727	无需修改		保留现状	当前证据未给出可加入代谢模型的精确反应。	G56-S01;G56-S02;G56-S03;G56-S04;G56-S05;G56-S06;G56-S08
1509	RU820_RS07970	AFE_1728	无需修改		保留现状	当前证据未给出可加入代谢模型的精确反应。	G56-S01;G56-S02;G56-S03;G56-S04;G56-S05;G56-S06;G56-S08
1510	RU820_RS07975	未确认	无需修改		保留现状	当前证据未给出可加入代谢模型的精确反应。	G56-S01;G56-S02;G56-S03;G56-S04;G56-S05
1511	RU820_RS07980	AFE_1730	无需修改		保留现状	当前证据未给出可加入代谢模型的精确反应。	G56-S01;G56-S02;G56-S03;G56-S04;G56-S05;G56-S06;G56-S08
1512	RU820_RS07985	AFE_1731	无需修改		保留现状	当前证据未给出可加入代谢模型的精确反应。	G56-S01;G56-S02;G56-S03;G56-S04;G56-S05;G56-S06;G56-S08
1513	RU820_RS07990	AFE_1733	无需修改		保留现状	当前证据未给出可加入代谢模型的精确反应。	G56-S01;G56-S02;G56-S03;G56-S04;G56-S05;G56-S06;G56-S07;G56-S08
1514	RU820_RS07995	AFE_1734	无需修改		保留现状	当前证据未给出可加入代谢模型的精确反应。	G56-S01;G56-S02;G56-S03;G56-S04;G56-S05;G56-S06;G56-S08
1515	RU820_RS08000	AFE_1738	证据不足暂缓		保留候选，待精确反应/身份核实	数据库候选尚未逐反应证明精确化学式、区室及2016等价状态。	G56-S01;G56-S02;G56-S03;G56-S04;G56-S05;G56-S06;G56-S07;G56-S08
1516	RU820_RS08005	未确认	无需修改		保留现状	当前证据未给出可加入代谢模型的精确反应。	G56-S01;G56-S02;G56-S03;G56-S04;G56-S05
1517	RU820_RS08010	AFE_1740	无需修改	CLPNS120	保留现状	旧模型已关联反应；仅凭数据库注释不能改写原反应或GPR。	G56-S01;G56-S02;G56-S03;G56-S04;G56-S05;G56-S06;G56-S07;G56-S08
1518	RU820_RS08015	AFE_1741	无需修改		保留现状	当前证据未给出可加入代谢模型的精确反应。	G56-S01;G56-S02;G56-S03;G56-S04;G56-S05;G56-S06;G56-S07;G56-S08
1519	RU820_RS08020	AFE_1742	证据不足暂缓		保留候选，待精确反应/身份核实	数据库候选尚未逐反应证明精确化学式、区室及2016等价状态。	G56-S01;G56-S02;G56-S03;G56-S04;G56-S05;G56-S06;G56-S07;G56-S08
1520	RU820_RS08025	AFE_1743	无需修改		保留现状	当前证据未给出可加入代谢模型的精确反应。	G56-S01;G56-S02;G56-S03;G56-S04;G56-S05;G56-S06;G56-S07;G56-S08
1521	RU820_RS08030	AFE_1745	证据不足暂缓		保留候选，待精确反应/身份核实	仅有酶名/家族线索，未取得该基因专属精确底物—产物及2016等价反应核对。	G56-S01;G56-S02;G56-S03;G56-S04;G56-S05;G56-S06;G56-S08
1522	RU820_RS08035	未确认	无需修改		保留现状	当前证据未给出可加入代谢模型的精确反应。	G56-S01;G56-S02;G56-S03;G56-S04;G56-S05
1523	RU820_RS08045	AFE_1749	无需修改		保留现状	当前证据未给出可加入代谢模型的精确反应。	G56-S01;G56-S02;G56-S03;G56-S04;G56-S05;G56-S06;G56-S08
1524	RU820_RS08050	未确认	无需修改		保留现状	当前证据未给出可加入代谢模型的精确反应。	G56-S01;G56-S02;G56-S03;G56-S04;G56-S05
1525	RU820_RS08055	AFE_1750	证据不足暂缓		保留候选，待精确反应/身份核实	数据库候选尚未逐反应证明精确化学式、区室及2016等价状态。	G56-S01;G56-S02;G56-S03;G56-S04;G56-S05;G56-S06;G56-S07;G56-S08;G56-S09
1526	RU820_RS08060	AFE_1751	无需修改		保留现状	当前证据未给出可加入代谢模型的精确反应。	G56-S01;G56-S02;G56-S03;G56-S04;G56-S05;G56-S06;G56-S07;G56-S08
1527	RU820_RS08065	AFE_1752	无需修改		保留现状	当前证据未给出可加入代谢模型的精确反应。	G56-S01;G56-S02;G56-S03;G56-S04;G56-S05;G56-S06;G56-S08
1528	RU820_RS08070	AFE_1753	无需修改	Ktpp	保留现状	旧模型已关联反应；仅凭数据库注释不能改写原反应或GPR。	G56-S01;G56-S02;G56-S03;G56-S04;G56-S05;G56-S06;G56-S07;G56-S08
1529	RU820_RS08075	AFE_1754	无需修改		保留现状	当前证据未给出可加入代谢模型的精确反应。	G56-S01;G56-S02;G56-S03;G56-S04;G56-S05;G56-S06;G56-S07;G56-S08
1530	RU820_RS08080	AFE_1755	无需修改		保留现状	当前证据未给出可加入代谢模型的精确反应。	G56-S01;G56-S02;G56-S03;G56-S04;G56-S05;G56-S06;G56-S08
1531	RU820_RS08085	AFE_1757	无需修改		保留现状	当前证据未给出可加入代谢模型的精确反应。	G56-S01;G56-S02;G56-S03;G56-S04;G56-S05;G56-S06;G56-S08
1532	RU820_RS08090	未确认	无需修改		保留现状	当前证据未给出可加入代谢模型的精确反应。	G56-S01;G56-S02;G56-S03;G56-S04;G56-S05
1533	RU820_RS08095	AFE_1758	无需修改		保留现状	当前证据未给出可加入代谢模型的精确反应。	G56-S01;G56-S02;G56-S03;G56-S04;G56-S05;G56-S06;G56-S08
1534	RU820_RS08100	AFE_1760	无需修改		保留现状	当前证据未给出可加入代谢模型的精确反应。	G56-S01;G56-S02;G56-S03;G56-S04;G56-S05;G56-S06;G56-S07;G56-S08
1535	RU820_RS08105	AFE_1761	无需修改		保留现状	当前证据未给出可加入代谢模型的精确反应。	G56-S01;G56-S02;G56-S03;G56-S04;G56-S05;G56-S06;G56-S07;G56-S08
1536	RU820_RS08115	AFE_1763	证据不足暂缓		保留候选，待精确反应/身份核实	仅有酶名/家族线索，未取得该基因专属精确底物—产物及2016等价反应核对。	G56-S01;G56-S02;G56-S03;G56-S04;G56-S05;G56-S06;G56-S08
1537	RU820_RS08120	AFE_1764	无需修改		保留现状	当前证据未给出可加入代谢模型的精确反应。	G56-S01;G56-S02;G56-S03;G56-S04;G56-S05;G56-S06;G56-S07;G56-S08
1538	RU820_RS08125	AFE_1767	无需修改		保留现状	当前证据未给出可加入代谢模型的精确反应。	G56-S01;G56-S02;G56-S03;G56-S04;G56-S05;G56-S06;G56-S07;G56-S08
1539	RU820_RS08130	AFE_1766	证据不足暂缓		保留候选，待精确反应/身份核实	仅有酶名/家族线索，未取得该基因专属精确底物—产物及2016等价反应核对。	G56-S01;G56-S02;G56-S03;G56-S04;G56-S05;G56-S06;G56-S08
1540	RU820_RS08135	未确认	无需修改		保留现状	当前证据未给出可加入代谢模型的精确反应。	G56-S01;G56-S02;G56-S03;G56-S04;G56-S05
1541	RU820_RS08140	AFE_1769	无需修改		保留现状	当前证据未给出可加入代谢模型的精确反应。	G56-S01;G56-S02;G56-S03;G56-S04;G56-S05;G56-S06;G56-S08
1542	RU820_RS08145	AFE_1770	无需修改	PANTS	保留现状	旧模型已关联反应；仅凭数据库注释不能改写原反应或GPR。	G56-S01;G56-S02;G56-S03;G56-S04;G56-S05;G56-S06;G56-S07;G56-S08;G56-S09
1543	RU820_RS08150	AFE_1771	无需修改	MOHMT	保留现状	旧模型已关联反应；仅凭数据库注释不能改写原反应或GPR。	G56-S01;G56-S02;G56-S03;G56-S04;G56-S05;G56-S06;G56-S07;G56-S08;G56-S09
1544	RU820_RS08155	未确认	证据不足暂缓		保留候选，待精确反应/身份核实	仅有酶名/家族线索，未取得该基因专属精确底物—产物及2016等价反应核对。	G56-S01;G56-S02;G56-S03;G56-S04;G56-S05
1545	RU820_RS08160	未确认	证据不足暂缓		保留候选，待精确反应/身份核实	仅有酶名/家族线索，未取得该基因专属精确底物—产物及2016等价反应核对。	G56-S01;G56-S02;G56-S03;G56-S04;G56-S05
1546	RU820_RS08165	AFE_1774	证据不足暂缓		保留候选，待精确反应/身份核实	数据库候选尚未逐反应证明精确化学式、区室及2016等价状态。	G56-S01;G56-S02;G56-S03;G56-S04;G56-S05;G56-S06;G56-S07;G56-S08;G56-S09
1547	RU820_RS08170	AFE_1775	证据不足暂缓		保留候选，待精确反应/身份核实	数据库候选尚未逐反应证明精确化学式、区室及2016等价状态。	G56-S01;G56-S02;G56-S03;G56-S04;G56-S05;G56-S06;G56-S07;G56-S08;G56-S09
1548	RU820_RS08175	AFE_1776	证据不足暂缓		保留候选，待精确反应/身份核实	数据库候选尚未逐反应证明精确化学式、区室及2016等价状态。	G56-S01;G56-S02;G56-S03;G56-S04;G56-S05;G56-S06;G56-S07;G56-S08
1549	RU820_RS08180	AFE_1777	无需修改	IMPD	保留现状	旧模型已关联反应；仅凭数据库注释不能改写原反应或GPR。	G56-S01;G56-S02;G56-S03;G56-S04;G56-S05;G56-S06;G56-S07;G56-S08;G56-S09
1550	RU820_RS08185	AFE_1778	无需修改	GMPS2	保留现状	旧模型已关联反应；仅凭数据库注释不能改写原反应或GPR。	G56-S01;G56-S02;G56-S03;G56-S04;G56-S05;G56-S06;G56-S07;G56-S08;G56-S09
1551	RU820_RS08190	AFE_1779	无需修改		保留现状	当前证据未给出可加入代谢模型的精确反应。	G56-S01;G56-S02;G56-S03;G56-S04;G56-S05;G56-S06;G56-S07;G56-S08
1552	RU820_RS08195	AFE_1780	无需修改		保留现状	当前证据未给出可加入代谢模型的精确反应。	G56-S01;G56-S02;G56-S03;G56-S04;G56-S05;G56-S06;G56-S07;G56-S08
1553	RU820_RS08200	AFE_1781	无需修改		保留现状	当前证据未给出可加入代谢模型的精确反应。	G56-S01;G56-S02;G56-S03;G56-S04;G56-S05;G56-S06;G56-S08
1554	RU820_RS08205	未确认	无需修改		保留现状	当前证据未给出可加入代谢模型的精确反应。	G56-S01;G56-S02;G56-S03;G56-S04;G56-S05
1555	RU820_RS08210	AFE_1782	证据不足暂缓		保留候选，待精确反应/身份核实	转运底物、方向、膜侧或能量耦联未由该基因专属证据确定。	G56-S01;G56-S02;G56-S03;G56-S04;G56-S05;G56-S06;G56-S08
1556	RU820_RS08215	AFE_1783	无需修改	GLU5K	保留现状	旧模型已关联反应；仅凭数据库注释不能改写原反应或GPR。	G56-S01;G56-S02;G56-S03;G56-S04;G56-S05;G56-S06;G56-S07;G56-S08;G56-S09
1557	RU820_RS08220	AFE_1784	无需修改		保留现状	当前证据未给出可加入代谢模型的精确反应。	G56-S01;G56-S02;G56-S03;G56-S04;G56-S05;G56-S06;G56-S07;G56-S08
1558	RU820_RS08225	AFE_1785	无需修改		保留现状	当前证据未给出可加入代谢模型的精确反应。	G56-S01;G56-S02;G56-S03;G56-S04;G56-S05;G56-S06;G56-S08
1559	RU820_RS08230	AFE_1786	无需修改		保留现状	当前证据未给出可加入代谢模型的精确反应。	G56-S01;G56-S02;G56-S03;G56-S04;G56-S05;G56-S06;G56-S08
1560	RU820_RS08235	AFE_1787	证据不足暂缓		保留候选，待精确反应/身份核实	数据库候选尚未逐反应证明精确化学式、区室及2016等价状态。	G56-S01;G56-S02;G56-S03;G56-S04;G56-S05;G56-S06;G56-S08;G56-S09
1561	RU820_RS08240	AFE_1788	无需修改		保留现状	当前证据未给出可加入代谢模型的精确反应。	G56-S01;G56-S02;G56-S03;G56-S04;G56-S05;G56-S06;G56-S08
1562	RU820_RS08245	AFE_1789	证据不足暂缓		保留候选，待精确反应/身份核实	数据库候选尚未逐反应证明精确化学式、区室及2016等价状态。	G56-S01;G56-S02;G56-S03;G56-S04;G56-S05;G56-S06;G56-S07;G56-S08;G56-S09;G56-S10
1563	RU820_RS08250	AFE_1790	无需修改		保留现状	当前证据未给出可加入代谢模型的精确反应。	G56-S01;G56-S02;G56-S03;G56-S04;G56-S05;G56-S06;G56-S07;G56-S08
1564	RU820_RS08255	AFE_1791	无需修改		保留现状	当前证据未给出可加入代谢模型的精确反应。	G56-S01;G56-S02;G56-S03;G56-S04;G56-S05;G56-S06;G56-S07;G56-S08
1565	RU820_RS08260	AFE_1792	仅更新证据或编号	SQRED1	只修订本组证据与反应评分；不改模型	SQRED1旧PMID为通路预测；同株2025过表达支持硫氧化生理作用，但旧式q8膜侧及Sre OR分支未证，三培养条件上下界全0另列QC。	G56-S01;G56-S02;G56-S03;G56-S04;G56-S05;G56-S06;G56-S07;G56-S08;G56-S09;G56-S10;G56-P08
1566	RU820_RS08265	AFE_1793	无需修改		保留现状	当前证据未给出可加入代谢模型的精确反应。	G56-S01;G56-S02;G56-S03;G56-S04;G56-S05;G56-S06;G56-S07;G56-S08
1567	RU820_RS08270	AFE_1794	无需修改		保留现状	当前证据未给出可加入代谢模型的精确反应。	G56-S01;G56-S02;G56-S03;G56-S04;G56-S05;G56-S06;G56-S07;G56-S08
1568	RU820_RS08275	未确认	无需修改		保留现状	当前证据未给出可加入代谢模型的精确反应。	G56-S01;G56-S02;G56-S03;G56-S04;G56-S05
1569	RU820_RS08280	AFE_1795	无需修改		保留现状	当前证据未给出可加入代谢模型的精确反应。	G56-S01;G56-S02;G56-S03;G56-S04;G56-S05;G56-S06;G56-S08
1570	RU820_RS08285	AFE_1797	证据不足暂缓		保留候选，待精确反应/身份核实	转运底物、方向、膜侧或能量耦联未由该基因专属证据确定。	G56-S01;G56-S02;G56-S03;G56-S04;G56-S05;G56-S06;G56-S07;G56-S08
1571	RU820_RS08290	AFE_1798	无需修改		保留现状	当前证据未给出可加入代谢模型的精确反应。	G56-S01;G56-S02;G56-S03;G56-S04;G56-S05;G56-S06;G56-S08
1572	RU820_RS08295	AFE_1799	仅更新证据或编号	GLCP	只修订本组证据与反应评分；不改模型	45项历史裁决GLCP为仅更新证据：转录/蛋白检出不能核实糖原链长及旧反应计量。	G56-S01;G56-S02;G56-S03;G56-S04;G56-S05;G56-S06;G56-S07;G56-S08;G56-P04;G56-P05
1573	RU820_RS08300	AFE_1800	无需修改	ENO	保留现状	旧模型已关联反应；仅凭数据库注释不能改写原反应或GPR。	G56-S01;G56-S02;G56-S03;G56-S04;G56-S05;G56-S06;G56-S08
1574	RU820_RS08305	AFE_1801	无需修改	PYK	保留现状	旧模型已关联反应；仅凭数据库注释不能改写原反应或GPR。	G56-S01;G56-S02;G56-S03;G56-S04;G56-S05;G56-S06;G56-S07;G56-S08;G56-S09
1575	RU820_RS08310	AFE_1802	无需修改	FBA	保留现状	旧模型已关联反应；仅凭数据库注释不能改写原反应或GPR。	G56-S01;G56-S02;G56-S03;G56-S04;G56-S05;G56-S06;G56-S07;G56-S08;G56-S09
1576	RU820_RS08315	AFE_1803	证据不足暂缓		保留候选，待精确反应/身份核实	仅有酶名/家族线索，未取得该基因专属精确底物—产物及2016等价反应核对。	G56-S01;G56-S02;G56-S03;G56-S04;G56-S05;G56-S06;G56-S08
1577	RU820_RS08320	AFE_1806	无需修改		保留现状	当前证据未给出可加入代谢模型的精确反应。	G56-S01;G56-S02;G56-S03;G56-S04;G56-S05;G56-S06;G56-S08
1578	RU820_RS08325	AFE_1807	无需修改	PFK	保留现状	旧模型已关联反应；仅凭数据库注释不能改写原反应或GPR。	G56-S01;G56-S02;G56-S03;G56-S04;G56-S05;G56-S06;G56-S07;G56-S08;G56-S09
1579	RU820_RS08330	AFE_1808	证据不足暂缓		保留候选，待精确反应/身份核实	数据库候选尚未逐反应证明精确化学式、区室及2016等价状态。	G56-S01;G56-S02;G56-S03;G56-S04;G56-S05;G56-S06;G56-S07;G56-S08;G56-S09
1580	RU820_RS08335	AFE_1809	证据不足暂缓		保留候选，待精确反应/身份核实	转运底物、方向、膜侧或能量耦联未由该基因专属证据确定。	G56-S01;G56-S02;G56-S03;G56-S04;G56-S05;G56-S06;G56-S07;G56-S08
1581	RU820_RS08340	AFE_1810	无需修改	PPC	保留现状	旧模型已关联反应；仅凭数据库注释不能改写原反应或GPR。	G56-S01;G56-S02;G56-S03;G56-S04;G56-S05;G56-S06;G56-S07;G56-S08;G56-S09
1582	RU820_RS08345	AFE_1811	证据不足暂缓		保留候选，待精确反应/身份核实	数据库候选尚未逐反应证明精确化学式、区室及2016等价状态。	G56-S01;G56-S02;G56-S03;G56-S04;G56-S05;G56-S06;G56-S07;G56-S08;G56-S09;G56-S10
1583	RU820_RS08350	AFE_1812	证据不足暂缓		保留候选，待精确反应/身份核实	数据库候选尚未逐反应证明精确化学式、区室及2016等价状态。	G56-S01;G56-S02;G56-S03;G56-S04;G56-S05;G56-S06;G56-S07;G56-S08;G56-S09
1584	RU820_RS08355	AFE_1813	证据不足暂缓		保留候选，待精确反应/身份核实	数据库候选尚未逐反应证明精确化学式、区室及2016等价状态。	G56-S01;G56-S02;G56-S03;G56-S04;G56-S05;G56-S06;G56-S07;G56-S08;G56-S09
1585	RU820_RS08360	AFE_1814	证据不足暂缓		保留候选，待精确反应/身份核实	仅有酶名/家族线索，未取得该基因专属精确底物—产物及2016等价反应核对。	G56-S01;G56-S02;G56-S03;G56-S04;G56-S05;G56-S06;G56-S08
1586	RU820_RS08365	AFE_1815	无需修改	PGM1	保留现状	旧模型已关联反应；仅凭数据库注释不能改写原反应或GPR。	G56-S01;G56-S02;G56-S03;G56-S04;G56-S05;G56-S06;G56-S07;G56-S08;G56-S09
1587	RU820_RS08370	AFE_1816	无需修改	DDGPA	保留现状	旧模型已关联反应；仅凭数据库注释不能改写原反应或GPR。	G56-S01;G56-S02;G56-S03;G56-S04;G56-S05;G56-S06;G56-S07;G56-S08;G56-S09
1588	RU820_RS08375	AFE_1817	证据不足暂缓		保留候选，待精确反应/身份核实	仅有酶名/家族线索，未取得该基因专属精确底物—产物及2016等价反应核对。	G56-S01;G56-S02;G56-S03;G56-S04;G56-S05;G56-S06;G56-S08
1589	RU820_RS08380	AFE_1818	无需修改		保留现状	当前证据未给出可加入代谢模型的精确反应。	G56-S01;G56-S02;G56-S03;G56-S04;G56-S05;G56-S06;G56-S07;G56-S08
1590	RU820_RS08385	AFE_1819	无需修改	SDPDS	保留现状	旧模型已关联反应；仅凭数据库注释不能改写原反应或GPR。	G56-S01;G56-S02;G56-S03;G56-S04;G56-S05;G56-S06;G56-S07;G56-S08;G56-S09
1591	RU820_RS08390	AFE_1820	无需修改	THDPS	保留现状	旧模型已关联反应；仅凭数据库注释不能改写原反应或GPR。	G56-S01;G56-S02;G56-S03;G56-S04;G56-S05;G56-S06;G56-S07;G56-S08;G56-S09
1592	RU820_RS08395	AFE_1821	无需修改	SDPTA	保留现状	旧模型已关联反应；仅凭数据库注释不能改写原反应或GPR。	G56-S01;G56-S02;G56-S03;G56-S04;G56-S05;G56-S06;G56-S07;G56-S08;G56-S09
1593	RU820_RS08400	AFE_1824	证据不足暂缓		保留候选，待精确反应/身份核实	转运底物、方向、膜侧或能量耦联未由该基因专属证据确定。	G56-S01;G56-S02;G56-S03;G56-S04;G56-S05;G56-S06;G56-S08
1594	RU820_RS08405	AFE_1823	无需修改	PGLYCP	保留现状	旧模型已关联反应；仅凭数据库注释不能改写原反应或GPR。	G56-S01;G56-S02;G56-S03;G56-S04;G56-S05;G56-S06;G56-S07;G56-S08;G56-S09
1595	RU820_RS08410	AFE_1825	无需修改	DUQM;OHPHM	保留现状	旧模型已关联反应；仅凭数据库注释不能改写原反应或GPR。	G56-S01;G56-S02;G56-S03;G56-S04;G56-S05;G56-S06;G56-S07;G56-S08;G56-S09
1596	RU820_RS08415	AFE_1826	证据不足暂缓		保留候选，待精确反应/身份核实	数据库候选尚未逐反应证明精确化学式、区室及2016等价状态。	G56-S01;G56-S02;G56-S03;G56-S04;G56-S05;G56-S06;G56-S07;G56-S08;G56-S09
1597	RU820_RS08420	AFE_1827	证据不足暂缓		保留候选，待精确反应/身份核实	数据库候选尚未逐反应证明精确化学式、区室及2016等价状态。	G56-S01;G56-S02;G56-S03;G56-S04;G56-S05;G56-S06;G56-S07;G56-S08
1598	RU820_RS08425	未确认	无需修改		保留现状	当前证据未给出可加入代谢模型的精确反应。	G56-S01;G56-S02;G56-S03;G56-S04;G56-S05
1599	RU820_RS08435	AFE_1830	证据不足暂缓		保留候选，待精确反应/身份核实	转运底物、方向、膜侧或能量耦联未由该基因专属证据确定。	G56-S01;G56-S02;G56-S03;G56-S04;G56-S05;G56-S06;G56-S07;G56-S08
1600	RU820_RS08440	AFE_1831	证据不足暂缓		保留候选，待精确反应/身份核实	数据库候选尚未逐反应证明精确化学式、区室及2016等价状态。	G56-S01;G56-S02;G56-S03;G56-S04;G56-S05;G56-S06;G56-S07;G56-S08;G56-S09
1601	RU820_RS08445	AFE_1832	证据不足暂缓		保留候选，待精确反应/身份核实	仅有酶名/家族线索，未取得该基因专属精确底物—产物及2016等价反应核对。	G56-S01;G56-S02;G56-S03;G56-S04;G56-S05;G56-S06;G56-S08
1602	RU820_RS08450	AFE_1833	无需修改		保留现状	当前证据未给出可加入代谢模型的精确反应。	G56-S01;G56-S02;G56-S03;G56-S04;G56-S05;G56-S06;G56-S07;G56-S08
1603	RU820_RS08455	AFE_1834	无需修改		保留现状	当前证据未给出可加入代谢模型的精确反应。	G56-S01;G56-S02;G56-S03;G56-S04;G56-S05;G56-S06;G56-S08
1604	RU820_RS08460	AFE_1836	无需修改		保留现状	当前证据未给出可加入代谢模型的精确反应。	G56-S01;G56-S02;G56-S03;G56-S04;G56-S05;G56-S06;G56-S08
1605	RU820_RS08465	AFE_1839	无需修改		保留现状	当前证据未给出可加入代谢模型的精确反应。	G56-S01;G56-S02;G56-S03;G56-S04;G56-S05;G56-S06;G56-S07;G56-S08
1606	RU820_RS08470	未确认	证据不足暂缓		保留候选，待精确反应/身份核实	仅有酶名/家族线索，未取得该基因专属精确底物—产物及2016等价反应核对。	G56-S01;G56-S02;G56-S03;G56-S04;G56-S05
1607	RU820_RS08480	未确认	证据不足暂缓		保留候选，待精确反应/身份核实	仅有酶名/家族线索，未取得该基因专属精确底物—产物及2016等价反应核对。	G56-S01;G56-S02;G56-S03;G56-S04;G56-S05
1608	RU820_RS08485	AFE_1841	无需修改		保留现状	当前证据未给出可加入代谢模型的精确反应。	G56-S01;G56-S02;G56-S03;G56-S04;G56-S05;G56-S06;G56-S08
1609	RU820_RS08495	AFE_1843	无需修改	TKT1;TKT2	保留现状	旧模型已关联反应；仅凭数据库注释不能改写原反应或GPR。	G56-S01;G56-S02;G56-S03;G56-S04;G56-S05;G56-S06;G56-S07;G56-S08;G56-S09
1610	RU820_RS08500	未确认	无需修改		保留现状	当前证据未给出可加入代谢模型的精确反应。	G56-S01;G56-S02;G56-S03;G56-S04;G56-S05;G56-S06;G56-S07;G56-S08
1611	RU820_RS08505	未确认	无需修改		保留现状	当前证据未给出可加入代谢模型的精确反应。	G56-S01;G56-S02;G56-S03;G56-S04;G56-S05;G56-S06;G56-S07;G56-S08
1612	RU820_RS08515	未确认	无需修改		保留现状	当前证据未给出可加入代谢模型的精确反应。	G56-S01;G56-S02;G56-S03;G56-S04;G56-S05
1613	RU820_RS08520	AFE_1845	无需修改		保留现状	当前证据未给出可加入代谢模型的精确反应。	G56-S01;G56-S02;G56-S03;G56-S04;G56-S05;G56-S06;G56-S08
1614	RU820_RS08525	AFE_1847	证据不足暂缓		保留候选，待精确反应/身份核实	45项历史裁决B-005暂缓：C4二羧酸/亚碲酸盐底物、膜侧、方向与耦联均未证。	G56-S01;G56-S02;G56-S03;G56-S04;G56-S05;G56-S06;G56-S08;G56-P03
1615	RU820_RS08530	AFE_1848	证据不足暂缓		保留候选，待精确反应/身份核实	数据库候选尚未逐反应证明精确化学式、区室及2016等价状态。	G56-S01;G56-S02;G56-S03;G56-S04;G56-S05;G56-S06;G56-S07;G56-S08
1616	RU820_RS08535	AFE_1850	无需修改		保留现状	当前证据未给出可加入代谢模型的精确反应。	G56-S01;G56-S02;G56-S03;G56-S04;G56-S05;G56-S06;G56-S08
1617	RU820_RS08540	AFE_1851	证据不足暂缓		保留候选，待精确反应/身份核实	仅有酶名/家族线索，未取得该基因专属精确底物—产物及2016等价反应核对。	G56-S01;G56-S02;G56-S03;G56-S04;G56-S05;G56-S06;G56-S08
1618	RU820_RS08545	AFE_1852	无需修改		保留现状	当前证据未给出可加入代谢模型的精确反应。	G56-S01;G56-S02;G56-S03;G56-S04;G56-S05;G56-S06;G56-S08
1619	RU820_RS08550	AFE_1853	无需修改		保留现状	当前证据未给出可加入代谢模型的精确反应。	G56-S01;G56-S02;G56-S03;G56-S04;G56-S05;G56-S06;G56-S08
1620	RU820_RS08555	AFE_1854	证据不足暂缓		保留候选，待精确反应/身份核实	仅有酶名/家族线索，未取得该基因专属精确底物—产物及2016等价反应核对。	G56-S01;G56-S02;G56-S03;G56-S04;G56-S05;G56-S06;G56-S07;G56-S08
1621	RU820_RS08560	AFE_1855	证据不足暂缓		保留候选，待精确反应/身份核实	转运底物、方向、膜侧或能量耦联未由该基因专属证据确定。	G56-S01;G56-S02;G56-S03;G56-S04;G56-S05;G56-S06;G56-S08
1622	RU820_RS08565	AFE_1856	证据不足暂缓		保留候选，待精确反应/身份核实	仅有酶名/家族线索，未取得该基因专属精确底物—产物及2016等价反应核对。	G56-S01;G56-S02;G56-S03;G56-S04;G56-S05;G56-S06;G56-S08
1623	RU820_RS08570	AFE_1857	证据不足暂缓		保留候选，待精确反应/身份核实	数据库候选尚未逐反应证明精确化学式、区室及2016等价状态。	G56-S01;G56-S02;G56-S03;G56-S04;G56-S05;G56-S06;G56-S07;G56-S08;G56-S09
1624	RU820_RS08575	AFE_1858	无需修改		保留现状	当前证据未给出可加入代谢模型的精确反应。	G56-S01;G56-S02;G56-S03;G56-S04;G56-S05;G56-S06;G56-S08
1625	RU820_RS08580	未确认	无需修改		保留现状	当前证据未给出可加入代谢模型的精确反应。	G56-S01;G56-S02;G56-S03;G56-S04;G56-S05
1626	RU820_RS08585	AFE_1861	证据不足暂缓		保留候选，待精确反应/身份核实	数据库候选尚未逐反应证明精确化学式、区室及2016等价状态。	G56-S01;G56-S02;G56-S03;G56-S04;G56-S05;G56-S06;G56-S07;G56-S08;G56-S09
1627	RU820_RS08590	AFE_1862	无需修改		保留现状	当前证据未给出可加入代谢模型的精确反应。	G56-S01;G56-S02;G56-S03;G56-S04;G56-S05;G56-S06;G56-S07;G56-S08
1628	RU820_RS08595	AFE_1864	无需修改		保留现状	当前证据未给出可加入代谢模型的精确反应。	G56-S01;G56-S02;G56-S03;G56-S04;G56-S05;G56-S06;G56-S08
1629	RU820_RS08600	AFE_1865	无需修改		保留现状	当前证据未给出可加入代谢模型的精确反应。	G56-S01;G56-S02;G56-S03;G56-S04;G56-S05;G56-S06;G56-S08
1630	RU820_RS08605	AFE_1866	无需修改		保留现状	当前证据未给出可加入代谢模型的精确反应。	G56-S01;G56-S02;G56-S03;G56-S04;G56-S05;G56-S08
1631	RU820_RS08610	AFE_1867	无需修改		保留现状	当前证据未给出可加入代谢模型的精确反应。	G56-S01;G56-S02;G56-S03;G56-S04;G56-S05;G56-S06;G56-S08
1632	RU820_RS08615	AFE_1868	证据不足暂缓		保留候选，待精确反应/身份核实	数据库候选尚未逐反应证明精确化学式、区室及2016等价状态。	G56-S01;G56-S02;G56-S03;G56-S04;G56-S05;G56-S06;G56-S07;G56-S08
1633	RU820_RS08620	AFE_1869	无需修改		保留现状	当前证据未给出可加入代谢模型的精确反应。	G56-S01;G56-S02;G56-S03;G56-S04;G56-S05;G56-S06;G56-S07;G56-S08
1634	RU820_RS08625	AFE_1870	无需修改		保留现状	当前证据未给出可加入代谢模型的精确反应。	G56-S01;G56-S02;G56-S03;G56-S04;G56-S05;G56-S06;G56-S07;G56-S08
1635	RU820_RS08630	AFE_1871	证据不足暂缓		保留候选，待精确反应/身份核实	数据库候选尚未逐反应证明精确化学式、区室及2016等价状态。	G56-S01;G56-S02;G56-S03;G56-S04;G56-S05;G56-S06;G56-S07;G56-S08;G56-S09
1636	RU820_RS08635	AFE_1872	证据不足暂缓		保留候选，待精确反应/身份核实	数据库候选尚未逐反应证明精确化学式、区室及2016等价状态。	G56-S01;G56-S02;G56-S03;G56-S04;G56-S05;G56-S06;G56-S07;G56-S08
1637	RU820_RS08640	未确认	无需修改		保留现状	当前证据未给出可加入代谢模型的精确反应。	G56-S01;G56-S02;G56-S03;G56-S04;G56-S05
1638	RU820_RS08645	AFE_1874	无需修改		保留现状	当前证据未给出可加入代谢模型的精确反应。	G56-S01;G56-S02;G56-S03;G56-S04;G56-S05;G56-S06;G56-S08
1639	RU820_RS08650	AFE_1875	无需修改		保留现状	当前证据未给出可加入代谢模型的精确反应。	G56-S01;G56-S02;G56-S03;G56-S04;G56-S05;G56-S06;G56-S07;G56-S08
1640	RU820_RS08655	未确认	证据不足暂缓		保留候选，待精确反应/身份核实	仅有酶名/家族线索，未取得该基因专属精确底物—产物及2016等价反应核对。	G56-S01;G56-S02;G56-S03;G56-S04;G56-S05
1641	RU820_RS08660	AFE_1877	无需修改	MTHFC;MTHFD1;MTHFD2	保留现状	旧模型已关联反应；仅凭数据库注释不能改写原反应或GPR。	G56-S01;G56-S02;G56-S03;G56-S04;G56-S05;G56-S06;G56-S07;G56-S08;G56-S09
1642	RU820_RS08665	AFE_1878	证据不足暂缓		保留候选，待精确反应/身份核实	转运底物、方向、膜侧或能量耦联未由该基因专属证据确定。	G56-S01;G56-S02;G56-S03;G56-S04;G56-S05;G56-S06;G56-S07;G56-S08
1643	RU820_RS08670	AFE_1879	证据不足暂缓		保留候选，待精确反应/身份核实	转运底物、方向、膜侧或能量耦联未由该基因专属证据确定。	G56-S01;G56-S02;G56-S03;G56-S04;G56-S05;G56-S06;G56-S07;G56-S08
1644	RU820_RS08675	AFE_1880	证据不足暂缓		保留候选，待精确反应/身份核实	转运底物、方向、膜侧或能量耦联未由该基因专属证据确定。	G56-S01;G56-S02;G56-S03;G56-S04;G56-S05;G56-S06;G56-S08
1645	RU820_RS08680	AFE_1881	无需修改		保留现状	当前证据未给出可加入代谢模型的精确反应。	G56-S01;G56-S02;G56-S03;G56-S04;G56-S05;G56-S06;G56-S08
1646	RU820_RS08685	AFE_1882	无需修改		保留现状	当前证据未给出可加入代谢模型的精确反应。	G56-S01;G56-S02;G56-S03;G56-S04;G56-S05;G56-S06;G56-S07;G56-S08
1647	RU820_RS08690	AFE_1883	证据不足暂缓		保留候选，待精确反应/身份核实	PPC已存在但2016 GPR为AFE_1810；AFE_1883同工酶能力需独立证据，暂不写OR。	G56-S01;G56-S02;G56-S03;G56-S04;G56-S05;G56-S06;G56-S07;G56-S08;G56-S09;G56-P03
1648	RU820_RS08695	AFE_1884	无需修改		保留现状	当前证据未给出可加入代谢模型的精确反应。	G56-S01;G56-S02;G56-S03;G56-S04;G56-S05;G56-S06;G56-S07;G56-S08
1649	RU820_RS08700	AFE_1885	证据不足暂缓		保留候选，待精确反应/身份核实	数据库候选尚未逐反应证明精确化学式、区室及2016等价状态。	G56-S01;G56-S02;G56-S03;G56-S04;G56-S05;G56-S06;G56-S07;G56-S08;G56-S09
1650	RU820_RS08705	AFE_1886	无需修改		保留现状	当前证据未给出可加入代谢模型的精确反应。	G56-S01;G56-S02;G56-S03;G56-S04;G56-S05;G56-S06;G56-S07;G56-S08
1651	RU820_RS08710	AFE_1887	无需修改		保留现状	当前证据未给出可加入代谢模型的精确反应。	G56-S01;G56-S02;G56-S03;G56-S04;G56-S05;G56-S06;G56-S07;G56-S08
1652	RU820_RS08715	AFE_1888	无需修改	ATPPRT	保留现状	旧模型已关联反应；仅凭数据库注释不能改写原反应或GPR。	G56-S01;G56-S02;G56-S03;G56-S04;G56-S05;G56-S06;G56-S07;G56-S08;G56-S09
1653	RU820_RS08720	未确认	证据不足暂缓		保留候选，待精确反应/身份核实	仅有酶名/家族线索，未取得该基因专属精确底物—产物及2016等价反应核对。	G56-S01;G56-S02;G56-S03;G56-S04;G56-S05
1654	RU820_RS08730	AFE_1891	证据不足暂缓		保留候选，待精确反应/身份核实	数据库候选尚未逐反应证明精确化学式、区室及2016等价状态。	G56-S01;G56-S02;G56-S03;G56-S04;G56-S05;G56-S06;G56-S07;G56-S08
1655	RU820_RS08735	AFE_1892	证据不足暂缓		保留候选，待精确反应/身份核实	数据库候选尚未逐反应证明精确化学式、区室及2016等价状态。	G56-S01;G56-S02;G56-S03;G56-S04;G56-S05;G56-S06;G56-S07;G56-S08;G56-S09
1656	RU820_RS08740	AFE_1893	证据不足暂缓		保留候选，待精确反应/身份核实	数据库候选尚未逐反应证明精确化学式、区室及2016等价状态。	G56-S01;G56-S02;G56-S03;G56-S04;G56-S05;G56-S06;G56-S07;G56-S08;G56-S09
1657	RU820_RS08745	AFE_1894	无需修改		保留现状	当前证据未给出可加入代谢模型的精确反应。	G56-S01;G56-S02;G56-S03;G56-S04;G56-S05;G56-S06;G56-S08
1658	RU820_RS08750	未确认	无需修改		保留现状	当前证据未给出可加入代谢模型的精确反应。	G56-S01;G56-S02;G56-S03;G56-S04;G56-S05;G56-S06;G56-S07;G56-S08
1659	RU820_RS08755	AFE_1896	无需修改	GARFT;GART	保留现状	旧模型已关联反应；仅凭数据库注释不能改写原反应或GPR。	G56-S01;G56-S02;G56-S03;G56-S04;G56-S05;G56-S06;G56-S07;G56-S08;G56-S09
1660	RU820_RS08760	AFE_1897	无需修改	PRAIS	保留现状	旧模型已关联反应；仅凭数据库注释不能改写原反应或GPR。	G56-S01;G56-S02;G56-S03;G56-S04;G56-S05;G56-S06;G56-S07;G56-S08;G56-S09
1661	RU820_RS08765	AFE_1898	证据不足暂缓		保留候选，待精确反应/身份核实	数据库候选尚未逐反应证明精确化学式、区室及2016等价状态。	G56-S01;G56-S02;G56-S03;G56-S04;G56-S05;G56-S06;G56-S07;G56-S08;G56-S09
1662	RU820_RS08770	AFE_1900	无需修改	PGSA	保留现状	旧模型已关联反应；仅凭数据库注释不能改写原反应或GPR。	G56-S01;G56-S02;G56-S03;G56-S04;G56-S05;G56-S06;G56-S07;G56-S08;G56-S09
1663	RU820_RS08775	AFE_1901	无需修改		保留现状	当前证据未给出可加入代谢模型的精确反应。	G56-S01;G56-S02;G56-S03;G56-S04;G56-S05;G56-S06;G56-S07;G56-S08
1664	RU820_RS08780	AFE_1902	无需修改		保留现状	当前证据未给出可加入代谢模型的精确反应。	G56-S01;G56-S02;G56-S03;G56-S04;G56-S05;G56-S06;G56-S07;G56-S08
1665	RU820_RS08785	AFE_1903	无需修改		保留现状	当前证据未给出可加入代谢模型的精确反应。	G56-S01;G56-S02;G56-S03;G56-S04;G56-S05;G56-S06;G56-S07;G56-S08
1666	RU820_RS08790	AFE_1904	无需修改		保留现状	当前证据未给出可加入代谢模型的精确反应。	G56-S01;G56-S02;G56-S03;G56-S04;G56-S05;G56-S06;G56-S07;G56-S08
1667	RU820_RS08795	AFE_1905	证据不足暂缓		保留候选，待精确反应/身份核实	数据库候选尚未逐反应证明精确化学式、区室及2016等价状态。	G56-S01;G56-S02;G56-S03;G56-S04;G56-S05;G56-S06;G56-S07;G56-S08;G56-S09
1668	RU820_RS08800	AFE_1906	仅更新证据或编号	3OAS27;3OAS28	只修订本组证据与反应评分；不改模型	2016高分的所引证据未直接测本蛋白的逐反应催化；反应级行将2026分数按间接证据评2，旧行保留。	G56-S01;G56-S02;G56-S03;G56-S04;G56-S05;G56-S06;G56-S07;G56-S08;G56-S09
1669	RU820_RS08805	AFE_1907	仅更新证据或编号	MCOATA	只修订本组证据与反应评分；不改模型	2016高分的所引证据未直接测本蛋白的逐反应催化；反应级行将2026分数按间接证据评2，旧行保留。	G56-S01;G56-S02;G56-S03;G56-S04;G56-S05;G56-S06;G56-S07;G56-S08;G56-S09
1670	RU820_RS08810	AFE_1908	仅更新证据或编号	3OAR1;3OAR10;3OAR11;3OAR12;3OAR13;3OAR14;3OAR15;3OAR16;3OAR17;3OAR2;3OAR3;3OAR4;3OAR5;3OAR6;3OAR7;3OAR8;3OAR9	只修订本组证据与反应评分；不改模型	2016高分的所引证据未直接测本蛋白的逐反应催化；反应级行将2026分数按间接证据评2，旧行保留。	G56-S01;G56-S02;G56-S03;G56-S04;G56-S05;G56-S06;G56-S07;G56-S08;G56-S09
1671	RU820_RS08815	AFE_1909	证据不足暂缓		保留候选，待精确反应/身份核实	数据库候选尚未逐反应证明精确化学式、区室及2016等价状态。	G56-S01;G56-S02;G56-S03;G56-S04;G56-S05;G56-S06;G56-S07;G56-S08
1672	RU820_RS08820	AFE_1910	仅更新证据或编号	3OAS1;3OAS10;3OAS11;3OAS12;3OAS13;3OAS14;3OAS15;3OAS2;3OAS3;3OAS4;3OAS5;3OAS6;3OAS7;3OAS8;3OAS9	只修订本组证据与反应评分；不改模型	2016高分的所引证据未直接测本蛋白的逐反应催化；反应级行将2026分数按间接证据评2，旧行保留。	G56-S01;G56-S02;G56-S03;G56-S04;G56-S05;G56-S06;G56-S07;G56-S08;G56-S09
1673	RU820_RS08825	AFE_1911	无需修改	ADCL	保留现状	旧模型已关联反应；仅凭数据库注释不能改写原反应或GPR。	G56-S01;G56-S02;G56-S03;G56-S04;G56-S05;G56-S06;G56-S07;G56-S08;G56-S09
1674	RU820_RS08835	AFE_1913	无需修改	DTMPK	保留现状	旧模型已关联反应；仅凭数据库注释不能改写原反应或GPR。	G56-S01;G56-S02;G56-S03;G56-S04;G56-S05;G56-S06;G56-S07;G56-S08;G56-S09
1675	RU820_RS08840	AFE_1914	证据不足暂缓		保留候选，待精确反应/身份核实	数据库候选尚未逐反应证明精确化学式、区室及2016等价状态。	G56-S01;G56-S02;G56-S03;G56-S04;G56-S05;G56-S06;G56-S07;G56-S08;G56-S09
1676	RU820_RS08845	AFE_1915	无需修改		保留现状	当前证据未给出可加入代谢模型的精确反应。	G56-S01;G56-S02;G56-S03;G56-S04;G56-S05;G56-S06;G56-S07;G56-S08
1677	RU820_RS08860	AFE_1919	证据不足暂缓		保留候选，待精确反应/身份核实	数据库候选尚未逐反应证明精确化学式、区室及2016等价状态。	G56-S01;G56-S02;G56-S03;G56-S04;G56-S05;G56-S06;G56-S07;G56-S08;G56-S09
1678	RU820_RS08865	未确认	无需修改		保留现状	当前证据未给出可加入代谢模型的精确反应。	G56-S01;G56-S02;G56-S03;G56-S04;G56-S05;G56-S06
1679	RU820_RS08870	AFE_1921	无需修改		保留现状	当前证据未给出可加入代谢模型的精确反应。	G56-S01;G56-S02;G56-S03;G56-S04;G56-S05;G56-S06;G56-S07;G56-S08
1680	RU820_RS08875	AFE_1922	证据不足暂缓		保留候选，待精确反应/身份核实	数据库候选尚未逐反应证明精确化学式、区室及2016等价状态。	G56-S01;G56-S02;G56-S03;G56-S04;G56-S05;G56-S06;G56-S07;G56-S08
1681	RU820_RS08880	AFE_1923	证据不足暂缓		保留候选，待精确反应/身份核实	数据库候选尚未逐反应证明精确化学式、区室及2016等价状态。	G56-S01;G56-S02;G56-S03;G56-S04;G56-S05;G56-S06;G56-S07;G56-S08;G56-S09
1682	RU820_RS08885	AFE_1924	无需修改	AMAOT	保留现状	旧模型已关联反应；仅凭数据库注释不能改写原反应或GPR。	G56-S01;G56-S02;G56-S03;G56-S04;G56-S05;G56-S06;G56-S07;G56-S08;G56-S09
1683	RU820_RS08890	AFE_1925	无需修改		保留现状	当前证据未给出可加入代谢模型的精确反应。	G56-S01;G56-S02;G56-S03;G56-S04;G56-S05;G56-S06;G56-S08
1684	RU820_RS08895	AFE_1926	证据不足暂缓		保留候选，待精确反应/身份核实	数据库候选尚未逐反应证明精确化学式、区室及2016等价状态。	G56-S01;G56-S02;G56-S03;G56-S04;G56-S05;G56-S06;G56-S07;G56-S08;G56-S09
1685	RU820_RS08900	AFE_1927	无需修改		保留现状	当前证据未给出可加入代谢模型的精确反应。	G56-S01;G56-S02;G56-S03;G56-S04;G56-S05;G56-S06;G56-S07;G56-S08
1686	RU820_RS08905	AFE_1928	证据不足暂缓		保留候选，待精确反应/身份核实	数据库候选尚未逐反应证明精确化学式、区室及2016等价状态。	G56-S01;G56-S02;G56-S03;G56-S04;G56-S05;G56-S06;G56-S07;G56-S08;G56-S09
1687	RU820_RS08910	AFE_1929	无需修改	NDPK1;NDPK2;NDPK3;NDPK4;NDPK5;NDPK6;NDPK7;NDPK8	保留现状	旧模型已关联反应；仅凭数据库注释不能改写原反应或GPR。	G56-S01;G56-S02;G56-S03;G56-S04;G56-S05;G56-S06;G56-S07;G56-S08;G56-S09
1688	RU820_RS08915	AFE_1930	无需修改		保留现状	当前证据未给出可加入代谢模型的精确反应。	G56-S01;G56-S02;G56-S03;G56-S04;G56-S05;G56-S06;G56-S07;G56-S08
1689	RU820_RS08920	AFE_1931	无需修改		保留现状	当前证据未给出可加入代谢模型的精确反应。	G56-S01;G56-S02;G56-S03;G56-S04;G56-S05;G56-S06;G56-S07;G56-S08
1690	RU820_RS08925	AFE_1932	无需修改		保留现状	当前证据未给出可加入代谢模型的精确反应。	G56-S01;G56-S02;G56-S03;G56-S04;G56-S05;G56-S06;G56-S07;G56-S08
1691	RU820_RS08930	AFE_1933	证据不足暂缓		保留候选，待精确反应/身份核实	数据库候选尚未逐反应证明精确化学式、区室及2016等价状态。	G56-S01;G56-S02;G56-S03;G56-S04;G56-S05;G56-S06;G56-S07;G56-S08;G56-S09
1692	RU820_RS08935	AFE_1934	证据不足暂缓		保留候选，待精确反应/身份核实	数据库候选尚未逐反应证明精确化学式、区室及2016等价状态。	G56-S01;G56-S02;G56-S03;G56-S04;G56-S05;G56-S06;G56-S07;G56-S08;G56-S09
1693	RU820_RS08940	AFE_1935	无需修改		保留现状	当前证据未给出可加入代谢模型的精确反应。	G56-S01;G56-S02;G56-S03;G56-S04;G56-S05;G56-S06;G56-S08
1694	RU820_RS08945	AFE_1936	无需修改		保留现状	当前证据未给出可加入代谢模型的精确反应。	G56-S01;G56-S02;G56-S03;G56-S04;G56-S05;G56-S06;G56-S07;G56-S08
1695	RU820_RS08950	AFE_1937	证据不足暂缓		保留候选，待精确反应/身份核实	数据库候选尚未逐反应证明精确化学式、区室及2016等价状态。	G56-S01;G56-S02;G56-S03;G56-S04;G56-S05;G56-S06;G56-S07;G56-S08;G56-S09
1696	RU820_RS08955	AFE_1938	无需修改		保留现状	当前证据未给出可加入代谢模型的精确反应。	G56-S01;G56-S02;G56-S03;G56-S04;G56-S05;G56-S06;G56-S08
1697	RU820_RS08960	AFE_1939	无需修改	Pitpp	保留现状	旧模型已关联反应；仅凭数据库注释不能改写原反应或GPR。	G56-S01;G56-S02;G56-S03;G56-S04;G56-S05;G56-S06;G56-S07;G56-S08
1698	RU820_RS08965	AFE_1940	无需修改	Pitpp	保留现状	旧模型已关联反应；仅凭数据库注释不能改写原反应或GPR。	G56-S01;G56-S02;G56-S03;G56-S04;G56-S05;G56-S06;G56-S07;G56-S08
1699	RU820_RS08970	AFE_1941	无需修改	Pitpp	保留现状	旧模型已关联反应；仅凭数据库注释不能改写原反应或GPR。	G56-S01;G56-S02;G56-S03;G56-S04;G56-S05;G56-S06;G56-S07;G56-S08
1700	RU820_RS08975	AFE_1942	无需修改		保留现状	当前证据未给出可加入代谢模型的精确反应。	G56-S01;G56-S02;G56-S03;G56-S04;G56-S05;G56-S06;G56-S08
1701	RU820_RS08980	AFE_1943	无需修改		保留现状	当前证据未给出可加入代谢模型的精确反应。	G56-S01;G56-S02;G56-S03;G56-S04;G56-S05;G56-S06;G56-S07;G56-S08
1702	RU820_RS08985	AFE_1945	证据不足暂缓		保留候选，待精确反应/身份核实	转运底物、方向、膜侧或能量耦联未由该基因专属证据确定。	G56-S01;G56-S02;G56-S03;G56-S04;G56-S05;G56-S06;G56-S07;G56-S08
1703	RU820_RS08995	AFE_1947	证据不足暂缓		保留候选，待精确反应/身份核实	转运底物、方向、膜侧或能量耦联未由该基因专属证据确定。	G56-S01;G56-S02;G56-S03;G56-S04;G56-S05;G56-S06;G56-S07;G56-S08
1704	RU820_RS09000	AFE_1948	证据不足暂缓		保留候选，待精确反应/身份核实	转运底物、方向、膜侧或能量耦联未由该基因专属证据确定。	G56-S01;G56-S02;G56-S03;G56-S04;G56-S05;G56-S06;G56-S07;G56-S08
1705	RU820_RS09005	AFE_1949	无需修改		保留现状	当前证据未给出可加入代谢模型的精确反应。	G56-S01;G56-S02;G56-S03;G56-S04;G56-S05;G56-S06;G56-S07;G56-S08
1706	RU820_RS09010	未确认	无需修改		保留现状	当前证据未给出可加入代谢模型的精确反应。	G56-S01;G56-S02;G56-S03;G56-S04;G56-S05
1707	RU820_RS09015	AFE_1951	证据不足暂缓		保留候选，待精确反应/身份核实	仅有酶名/家族线索，未取得该基因专属精确底物—产物及2016等价反应核对。	G56-S01;G56-S02;G56-S03;G56-S04;G56-S05;G56-S06;G56-S08
1708	RU820_RS09020	AFE_1952	无需修改		保留现状	当前证据未给出可加入代谢模型的精确反应。	G56-S01;G56-S02;G56-S03;G56-S04;G56-S05;G56-S06;G56-S08
1709	RU820_RS09025	AFE_1953	无需修改		保留现状	当前证据未给出可加入代谢模型的精确反应。	G56-S01;G56-S02;G56-S03;G56-S04;G56-S05;G56-S06;G56-S08
1710	RU820_RS09035	AFE_1955	无需修改		保留现状	当前证据未给出可加入代谢模型的精确反应。	G56-S01;G56-S02;G56-S03;G56-S04;G56-S05;G56-S06;G56-S07;G56-S08
1711	RU820_RS09040	AFE_1956	证据不足暂缓		保留候选，待精确反应/身份核实	数据库候选尚未逐反应证明精确化学式、区室及2016等价状态。	G56-S01;G56-S02;G56-S03;G56-S04;G56-S05;G56-S06;G56-S07;G56-S08
1712	RU820_RS09045	AFE_1957	无需修改		保留现状	当前证据未给出可加入代谢模型的精确反应。	G56-S01;G56-S02;G56-S03;G56-S04;G56-S05;G56-S06;G56-S07;G56-S08
1713	RU820_RS09050	AFE_1958	证据不足暂缓		保留候选，待精确反应/身份核实	转运底物、方向、膜侧或能量耦联未由该基因专属证据确定。	G56-S01;G56-S02;G56-S03;G56-S04;G56-S05;G56-S06;G56-S07;G56-S08
1714	RU820_RS09055	AFE_1959	无需修改		保留现状	当前证据未给出可加入代谢模型的精确反应。	G56-S01;G56-S02;G56-S03;G56-S04;G56-S05;G56-S06;G56-S08
1715	RU820_RS09060	AFE_1960	无需修改	MCTP1A	保留现状	旧模型已关联反应；仅凭数据库注释不能改写原反应或GPR。	G56-S01;G56-S02;G56-S03;G56-S04;G56-S05;G56-S06;G56-S07;G56-S08
1716	RU820_RS09065	AFE_1961	证据不足暂缓		保留候选，待精确反应/身份核实	转运底物、方向、膜侧或能量耦联未由该基因专属证据确定。	G56-S01;G56-S02;G56-S03;G56-S04;G56-S05;G56-S06;G56-S07;G56-S08
1717	RU820_RS09070	未确认	无需修改		保留现状	当前证据未给出可加入代谢模型的精确反应。	G56-S01;G56-S02;G56-S03;G56-S04;G56-S05
1718	RU820_RS09075	未确认	无需修改		保留现状	当前证据未给出可加入代谢模型的精确反应。	G56-S01;G56-S02;G56-S03;G56-S04;G56-S05
1719	RU820_RS09080	未确认	证据不足暂缓		保留候选，待精确反应/身份核实	仅有酶名/家族线索，未取得该基因专属精确底物—产物及2016等价反应核对。	G56-S01;G56-S02;G56-S03;G56-S04;G56-S05
1720	RU820_RS09085	AFE_1965	无需修改		保留现状	当前证据未给出可加入代谢模型的精确反应。	G56-S01;G56-S02;G56-S03;G56-S04;G56-S05;G56-S06;G56-S08
1721	RU820_RS09090	AFE_1966	证据不足暂缓		保留候选，待精确反应/身份核实	数据库候选尚未逐反应证明精确化学式、区室及2016等价状态。	G56-S01;G56-S02;G56-S03;G56-S04;G56-S05;G56-S06;G56-S07;G56-S08;G56-S09
1722	RU820_RS09095	AFE_1967	无需修改	AGMHE	保留现状	旧模型已关联反应；仅凭数据库注释不能改写原反应或GPR。	G56-S01;G56-S02;G56-S03;G56-S04;G56-S05;G56-S06;G56-S07;G56-S08;G56-S09
1723	RU820_RS09100	AFE_1968	无需修改	Ktpp	保留现状	旧模型已关联反应；仅凭数据库注释不能改写原反应或GPR。	G56-S01;G56-S02;G56-S03;G56-S04;G56-S05;G56-S06;G56-S07;G56-S08
1724	RU820_RS09105	AFE_1969	无需修改	ACS	保留现状	旧模型已关联反应；仅凭数据库注释不能改写原反应或GPR。	G56-S01;G56-S02;G56-S03;G56-S04;G56-S05;G56-S06;G56-S07;G56-S08;G56-S09
1725	RU820_RS09110	AFE_1970	无需修改		保留现状	当前证据未给出可加入代谢模型的精确反应。	G56-S01;G56-S02;G56-S03;G56-S04;G56-S05;G56-S06;G56-S07;G56-S08
1726	RU820_RS09115	AFE_1971	证据不足暂缓		保留候选，待精确反应/身份核实	转运底物、方向、膜侧或能量耦联未由该基因专属证据确定。	G56-S01;G56-S02;G56-S03;G56-S04;G56-S05;G56-S06;G56-S07;G56-S08
1727	RU820_RS09120	AFE_1972	无需修改	CHORS	保留现状	旧模型已关联反应；仅凭数据库注释不能改写原反应或GPR。	G56-S01;G56-S02;G56-S03;G56-S04;G56-S05;G56-S06;G56-S07;G56-S08;G56-S09
1728	RU820_RS09125	AFE_1973	无需修改	GTPCI	保留现状	旧模型已关联反应；仅凭数据库注释不能改写原反应或GPR。	G56-S01;G56-S02;G56-S03;G56-S04;G56-S05;G56-S06;G56-S07;G56-S08;G56-S09
1729	RU820_RS09130	AFE_1974	无需修改	DOXS;TTMS	保留现状	旧模型已关联反应；仅凭数据库注释不能改写原反应或GPR。	G56-S01;G56-S02;G56-S03;G56-S04;G56-S05;G56-S06;G56-S07;G56-S08;G56-S09
1730	RU820_RS09135	AFE_1975	无需修改	GRTT	保留现状	旧模型已关联反应；仅凭数据库注释不能改写原反应或GPR。	G56-S01;G56-S02;G56-S03;G56-S04;G56-S05;G56-S06;G56-S07;G56-S08;G56-S09
1731	RU820_RS09140	AFE_1976	证据不足暂缓		保留候选，待精确反应/身份核实	数据库候选尚未逐反应证明精确化学式、区室及2016等价状态。	G56-S01;G56-S02;G56-S03;G56-S04;G56-S05;G56-S06;G56-S07;G56-S08
1732	RU820_RS09145	AFE_1977	证据不足暂缓		保留候选，待精确反应/身份核实	转运底物、方向、膜侧或能量耦联未由该基因专属证据确定。	G56-S01;G56-S02;G56-S03;G56-S04;G56-S05;G56-S06;G56-S07;G56-S08
1733	RU820_RS09150	未确认	证据不足暂缓		保留候选，待精确反应/身份核实	转运底物、方向、膜侧或能量耦联未由该基因专属证据确定。	G56-S01;G56-S02;G56-S03;G56-S04;G56-S05
1734	RU820_RS09155	AFE_1979	无需修改		保留现状	当前证据未给出可加入代谢模型的精确反应。	G56-S01;G56-S02;G56-S03;G56-S04;G56-S05;G56-S06;G56-S07;G56-S08
1735	RU820_RS09160	AFE_1980	证据不足暂缓		保留候选，待精确反应/身份核实	数据库候选尚未逐反应证明精确化学式、区室及2016等价状态。	G56-S01;G56-S02;G56-S03;G56-S04;G56-S05;G56-S06;G56-S07;G56-S08
1736	RU820_RS09165	AFE_1981	无需修改		保留现状	当前证据未给出可加入代谢模型的精确反应。	G56-S01;G56-S02;G56-S03;G56-S04;G56-S05;G56-S06;G56-S08
1737	RU820_RS09170	AFE_1982	无需修改		保留现状	当前证据未给出可加入代谢模型的精确反应。	G56-S01;G56-S02;G56-S03;G56-S04;G56-S05;G56-S06;G56-S08
1738	RU820_RS09175	未确认	无需修改		保留现状	当前证据未给出可加入代谢模型的精确反应。	G56-S01;G56-S02;G56-S03;G56-S04;G56-S05
1739	RU820_RS09180	AFE_1986	证据不足暂缓		保留候选，待精确反应/身份核实	数据库候选尚未逐反应证明精确化学式、区室及2016等价状态。	G56-S01;G56-S02;G56-S03;G56-S04;G56-S05;G56-S06;G56-S07;G56-S08;G56-S09
1740	RU820_RS09185	AFE_1987	仅更新证据或编号	UHGA	只修订本组证据与反应评分；不改模型	2016高分的所引证据未直接测本蛋白的逐反应催化；反应级行将2026分数按间接证据评2，旧行保留。	G56-S01;G56-S02;G56-S03;G56-S04;G56-S05;G56-S06;G56-S07;G56-S08;G56-S09
1741	RU820_RS09190	AFE_1988	无需修改		保留现状	当前证据未给出可加入代谢模型的精确反应。	G56-S01;G56-S02;G56-S03;G56-S04;G56-S05;G56-S06;G56-S08
1742	RU820_RS09195	AFE_1989	无需修改	IPPS	保留现状	旧模型已关联反应；仅凭数据库注释不能改写原反应或GPR。	G56-S01;G56-S02;G56-S03;G56-S04;G56-S05;G56-S06;G56-S07;G56-S08;G56-S09
1743	RU820_RS09200	AFE_1990	无需修改		保留现状	当前证据未给出可加入代谢模型的精确反应。	G56-S01;G56-S02;G56-S03;G56-S04;G56-S05;G56-S06;G56-S07;G56-S08
1744	RU820_RS09205	AFE_1991	无需修改		保留现状	当前证据未给出可加入代谢模型的精确反应。	G56-S01;G56-S02;G56-S03;G56-S04;G56-S05;G56-S06;G56-S08
1745	RU820_RS09210	AFE_1992	证据不足暂缓		保留候选，待精确反应/身份核实	转运底物、方向、膜侧或能量耦联未由该基因专属证据确定。	G56-S01;G56-S02;G56-S03;G56-S04;G56-S05;G56-S06;G56-S08
1746	RU820_RS09215	AFE_1993	无需修改		保留现状	当前证据未给出可加入代谢模型的精确反应。	G56-S01;G56-S02;G56-S03;G56-S04;G56-S05;G56-S06;G56-S07;G56-S08
1747	RU820_RS09220	AFE_1994	证据不足暂缓		保留候选，待精确反应/身份核实	数据库候选尚未逐反应证明精确化学式、区室及2016等价状态。	G56-S01;G56-S02;G56-S03;G56-S04;G56-S05;G56-S06;G56-S07;G56-S08;G56-S09
1748	RU820_RS09225	AFE_1997	无需修改		保留现状	当前证据未给出可加入代谢模型的精确反应。	G56-S01;G56-S02;G56-S03;G56-S04;G56-S05;G56-S06;G56-S08;G56-P02
1749	RU820_RS09230	AFE_1998	无需修改		保留现状	当前证据未给出可加入代谢模型的精确反应。	G56-S01;G56-S02;G56-S03;G56-S04;G56-S05;G56-S06;G56-S08;G56-P02
1750	RU820_RS09235	AFE_1999	证据不足暂缓		保留候选，待精确反应/身份核实	同株及异源表达证实AHL产物范围；各acyl-ACP前体、逐物种反应式和区室仍未定。	G56-S01;G56-S02;G56-S03;G56-S04;G56-S05;G56-S06;G56-S07;G56-S08;G56-S09;G56-P02
1751	RU820_RS09240	AFE_2000	无需修改		保留现状	当前证据未给出可加入代谢模型的精确反应。	G56-S01;G56-S02;G56-S03;G56-S04;G56-S05;G56-S06;G56-S08
1752	RU820_RS09245	AFE_2002	无需修改		保留现状	当前证据未给出可加入代谢模型的精确反应。	G56-S01;G56-S02;G56-S03;G56-S04;G56-S05;G56-S06;G56-S08
1753	RU820_RS09250	AFE_2003	证据不足暂缓		保留候选，待精确反应/身份核实	仅有酶名/家族线索，未取得该基因专属精确底物—产物及2016等价反应核对。	G56-S01;G56-S02;G56-S03;G56-S04;G56-S05;G56-S08
1754	RU820_RS09255	未确认	证据不足暂缓		保留候选，待精确反应/身份核实	转运底物、方向、膜侧或能量耦联未由该基因专属证据确定。	G56-S01;G56-S02;G56-S03;G56-S04;G56-S05
1755	RU820_RS09260	AFE_2004	证据不足暂缓		保留候选，待精确反应/身份核实	仅有酶名/家族线索，未取得该基因专属精确底物—产物及2016等价反应核对。	G56-S01;G56-S02;G56-S03;G56-S04;G56-S05;G56-S06;G56-S08
1756	RU820_RS09265	AFE_2005	证据不足暂缓		保留候选，待精确反应/身份核实	数据库候选尚未逐反应证明精确化学式、区室及2016等价状态。	G56-S01;G56-S02;G56-S03;G56-S04;G56-S05;G56-S06;G56-S07;G56-S08;G56-S09
1757	RU820_RS09270	AFE_2006	无需修改		保留现状	当前证据未给出可加入代谢模型的精确反应。	G56-S01;G56-S02;G56-S03;G56-S04;G56-S05;G56-S06;G56-S07;G56-S08
1758	RU820_RS09275	AFE_2007	无需修改		保留现状	当前证据未给出可加入代谢模型的精确反应。	G56-S01;G56-S02;G56-S03;G56-S04;G56-S05;G56-S06;G56-S08
