condition	perturbation	reaction	minimum	maximum	reference_flux
FIM	PPC	PGI1	-0.009711204666918152	-0.009711204666919479	-0.009711202995012005
FIM	PPC	PFK	0.0	166.70312373047523	0.0
FIM	PPC	FBP	0.0	1000.0	0.8408382568701684
FIM	PPC	FBA	-1000.0	166.70312373047506	-0.8408382568701684
FIM	PPC	FBA3	-998.3482053253208	168.35491840515414	0.8109564119909819
FIM	PPC	TPI	1.657165833244969	68.39661023808274	1.657165827571811
FIM	PPC	GAPD1	0.0	170.98515998595335	4.136548961232684
FIM	PPC	GAPD2	0.0	147.1329402977366	0.0
FIM	PPC	PGK	4.136548973858247	170.98515998595386	4.136548961232684
FIM	PPC	PGM1	0.5276397247221519	0.5276397247221701	0.5276397227339437
FIM	PPC	PGMT	-1000.0	999.9902887953328	0.0
FIM	PPC	PGMT2	-1000.0	999.9902887953333	-0.009711202995012004
FIM	PPC	ENO	0.5276397247224942	0.5276397247222436	0.5276397227339437
FIM	PPC	PYK	0.4889428029934905	0.48894280299401255	0.4889427999618102
FIM	PPC	PDH	0.3217062557434764	0.3217062557438773	0.3217062482005614
FIM	PPC	BDGK	0.0	55.567707910158056	0.0
FIM	PPC	MTRP	0.0	27.78385395508064	0.0
FIM	PPC	RPE	-68.37797001608344	-1.6385256112452997	-1.6385256085269562
FIM	PPC	RPI	0.7682257590538639	34.13794796147238	0.7682257563764447
FIM	PPC	TKT1	-34.19735139208588	-0.8276291896690662	-0.827629188535535
FIM	PPC	TKT2	0.8108964215764871	34.180618623993574	0.8108964199914213
FIM	PPC	TALA	-999.1591617388954	167.54396199159055	0.0
FIM	PPC	RUBISCO	2.402747737658519	102.5119143449136	2.4027477321549466
FIM	PPC	RUBISCOX	0.0	14.248130233373962	0.0
FIM	PPC	PRUK	2.4027477376584545	102.51191434491395	2.402747732154947
FIM	PPC	SBPASE	-998.3482053253208	168.3549184051556	0.810956411990982
FIM	PPC	GLYCH	4.166110968243624e-06	64.11659021629366	4.166111080600872e-06
FIM	PPC	HCO3E	-1.9017191508986708	-1.901719150898687	-1.9017191625698977
FIM	PPC	HCO3tpp	2.0	2.0	2.0
FIM	PPC	CS	0.05733037379753845	0.05733037379757038	0.05733037534399434
FIM	PPC	ACONT1	0.05733037379753868	0.05733037379765087	0.057330375343994336
FIM	PPC	ACONT2	0.05733037379753867	0.057330373797650866	0.05733037534399433
FIM	PPC	ICDHyr	0.05733037379753859	0.057330373797535965	0.05733037534399432
FIM	PPC	SUCOAS	0.01945834204093985	0.019458342040937094	0.019458342331410392
FIM	PPC	SUCD	0.000906649899458811	0.0009191482323620731	0.0009066496895075929
FIM	PPC	FUM	-833.5437899986994	-0.028171346519459222	-0.0281713474555787
FIM	PPC	MDH	0.18620464218288715	833.7018232945143	0.18620464714704862
FIM	PPC	PPA	0.16035861049952663	166.86348234095894	0.16035861125079118
FIM	PPC	MALS	0.158033295663029	0.15803329566301302	0.15803329969146995
FIM	PPC	ACS	0.009609134948198109	83.36117100018588	0.009609135207399233
FIM	PPC	FDH	0.0	66.73944440483794	0.0
FIM	PPC	ACCOAC	-999.9319122069203	0.06808779308121642	0.06808778059568456
FIM	PPC	MCOATA	0.06808779308135207	0.06808779308367154	0.06808778059568456
FIM	PPC	ACOATA	0.008986301358449295	0.008986301358718822	0.008986299936556577
FIM	PPC	BIOC1	0.0	1000.0	0.0
FIM	PPC	BIOC2	0.0	1000.0	0.0
FIM	PPC	GLXCL	-0.07901456477621621	7.045050551907265	-0.07901456679019468
FIM	PPC	GLYCK	-0.0790145647760592	7.045050551907099	-0.07901456679019467
FIM	PPC	GLXR	0.0	64.11658605015234	0.0
FIM	PPC	NADTRHD	0.0	834.2430550598715	0.7274363975455787
FIM	PPC	3OAS1	0.008986301357567743	0.008986301357304185	0.008986299936556578
FIM	PPC	3OAS27	0.008986301357567743	0.008986301357304185	0.008986299936556578
FIM	PPC	3OAS28	0.0009186274684000681	0.0009186274683306748	0.0009186272588643535
FIM	MDH	PGI1	-0.06004734186918772	-0.06004747019436257	-0.06004747457820043
FIM	MDH	PFK	0.0	174.83578904918312	0.0
FIM	MDH	FBP	0.0	1000.0	0.9499579558751201
FIM	MDH	FBA	-1000.0	174.8357890492007	-0.9499579558751201
FIM	MDH	FBA3	-998.2097935323884	176.62598649527717	0.8402485285299759
FIM	MDH	TPI	1.7912156361121356	71.8091229907982	1.79121564750757
FIM	MDH	GAPD1	0.0	179.46956288550908	4.424794115153487
FIM	MDH	GAPD2	0.0	154.38240646075334	0.0
FIM	MDH	PGK	4.424794099550503	179.46957240002564	4.424794115153487
FIM	MDH	PGM1	0.5874998734561659	0.5874998925525975	0.5874998918741571
FIM	MDH	PGMT	-1000.0	999.9399525283629	0.0
FIM	MDH	PGMT2	-1000.0	999.9399525283628	-0.06004747457820042
FIM	MDH	ENO	0.5874985153407356	0.5874991660019794	0.5874998918741571
FIM	MDH	PYK	0.5434787171611105	0.5434793810186499	0.5434804921808486
FIM	MDH	PDH	0.5120575902862741	0.5120595188954209	0.5120606285205128
FIM	MDH	BDGK	0.0	58.27859350924971	0.0
FIM	MDH	MTRP	0.0	29.139298174867175	0.0
FIM	MDH	RPE	-71.70152574407825	-1.6836181553017495	-1.6836181635145964
FIM	MDH	RPI	0.8304556834651936	35.839411578866795	0.8304559218407045
FIM	MDH	TKT1	-35.85233658494676	-0.8433809024308692	-0.8433809066143861
FIM	MDH	TKT2	0.8402372518386283	35.849192913553885	0.8402372569002101
FIM	MDH	TALA	-999.0500429415639	175.78573820434056	0.0
FIM	MDH	RUBISCO	2.5133201839854933	107.54018294246647	2.513321860618843
FIM	MDH	RUBISCOX	0.0	14.94322877602632	0.0
FIM	MDH	PRUK	2.5133201839854933	107.54018883083351	2.5133218606188437
FIM	MDH	SBPASE	-998.2097949880127	176.6259955369601	0.840248528529976
FIM	MDH	GLYCH	7.827520287795225e-07	67.24453503244466	7.827520670733895e-07
FIM	MDH	HCO3E	-1.5503351997177361	-1.5503322699379722	-1.5503322739147722
FIM	MDH	HCO3tpp	2.0	2.0	2.0
FIM	MDH	CS	0.01077154851203712	0.010771451698633886	0.010771451194994473
FIM	MDH	ACONT1	0.010771548512037097	0.010771451699784215	0.010771451194994473
FIM	MDH	ACONT2	0.010771548512037097	0.010771451699784215	0.010771451194994472
FIM	MDH	ICDHyr	0.010771548512037094	0.01077147895303295	0.010771451194994472
FIM	MDH	SUCOAS	0.010713203460284095	0.010713190395006147	0.01071316225773245
FIM	MDH	SUCD	0.007227618119614633	0.007229956932206438	0.0072276651470638015
FIM	MDH	PPC	0.036749288839626575	0.03674929660146215	0.03674929633834163
FIM	MDH	PPA	0.13775067994150356	174.97353899706292	0.13774994812099436
FIM	MDH	ACS	0.0018054175543797224	87.41969974646418	0.0018052219546876892
FIM	MDH	FDH	0.0	70.01791131085625	0.0
FIM	MDH	ACCOAC	-999.5560051453787	0.44399489128442887	0.44399488702952794
FIM	MDH	MCOATA	0.44399485462123706	0.44399489128433006	0.443994887029528
FIM	MDH	ACOATA	0.05179535665119064	0.05179535966533848	0.05179535918079263
FIM	MDH	BIOC1	0.0	1000.0	0.0
FIM	MDH	BIOC2	5.1360784215884356e-17	1000.0	0.0
FIM	MDH	GLXCL	3.912168510198646e-07	7.4716147793902525	3.9137603353669464e-07
FIM	MDH	GLYCK	3.912167954672172e-07	7.471614779390251	3.9137603353669464e-07
FIM	MDH	GLXR	0.0	67.24452949212709	0.0
FIM	MDH	NADTRHD	0.0	875.2238913858841	1.044946135741538
FIM	MDH	3OAS1	0.05179535664784041	0.05179535966528789	0.05179535918079263
FIM	MDH	3OAS27	0.05179535664784041	0.0517953596652879	0.05179535918079263
FIM	MDH	3OAS28	0.007229915205692791	0.0072299156306853945	0.0072299155592566436
