来源文件	状态
08_模型基线/A0/2016_到2024_真实差异.tsv	已核对；2016/2024原始单元格逐条定位
02_NCBI/标准化数据/旧新基因映射.tsv	已核对；非完全映射保留待审
03_BioCyc/C2-1/标准化数据/reactions.tsv	PGDB 30.0 Tier 3；原始XML路径见逐行来源字段
D3-1-R/D3-1-R_FeS_ETC证据.tsv	D3-1-R已PASS；E4逐条筛选并保留缺失/分歧
D3-1-R/D3-1-R_中央碳代谢证据.tsv	D3-1-R已PASS；E4逐条筛选并保留缺失/分歧
D3-1-R/D3-1-R_全基因跨数据库交叉引用.tsv	D3-1-R已PASS；E4逐条筛选并保留缺失/分歧
D3-1-R/D3-1-R_原始数据校验清单.tsv	D3-1-R已PASS；E4逐条筛选并保留缺失/分歧
D3-1-R/D3-1-R_数据库分歧.tsv	D3-1-R已PASS；E4逐条筛选并保留缺失/分歧
D3-1-R/D3-1-R_旧模型未覆盖功能候选.tsv	D3-1-R已PASS；E4逐条筛选并保留缺失/分歧
D3-1-R/D3-1-R_有机碳转运证据.tsv	D3-1-R已PASS；E4逐条筛选并保留缺失/分歧
D3-1-R/D3-1-R_模型反应精确匹配.tsv	D3-1-R已PASS；E4逐条筛选并保留缺失/分歧
D3-1-R/D3-1-R_模型覆盖状态.tsv	D3-1-R已PASS；E4逐条筛选并保留缺失/分歧
D3-1-R/D3-1-R_注释证据表.tsv	D3-1-R已PASS；E4逐条筛选并保留缺失/分歧
D3-1-R/D3-1-R_访问缺失表.tsv	D3-1-R已PASS；E4逐条筛选并保留缺失/分歧
