idx	condition	donor_target_class	o2_target_class
1	FIM	EXPERIMENT_OUTSIDE_OPTIMAL_FVA	EXPERIMENT_OUTSIDE_OPTIMAL_FVA
2	TTM	EXPERIMENT_WITHIN_OPTIMAL_FVA	N/A
3	TSM	EXPERIMENT_OUTSIDE_OPTIMAL_FVA	N/A
4	FIM	EXPERIMENT_WITHIN_OPTIMAL_FVA	EXPERIMENT_OUTSIDE_OPTIMAL_FVA
5	TTM	EXPERIMENT_WITHIN_OPTIMAL_FVA	N/A
6	TSM	EXPERIMENT_OUTSIDE_OPTIMAL_FVA	N/A
7	FIM	EXPERIMENT_WITHIN_OPTIMAL_FVA	EXPERIMENT_WITHIN_OPTIMAL_FVA
8	TTM	EXPERIMENT_WITHIN_OPTIMAL_FVA	N/A
9	TSM	EXPERIMENT_OUTSIDE_OPTIMAL_FVA	N/A
10	FIM	EXPERIMENT_WITHIN_OPTIMAL_FVA	EXPERIMENT_WITHIN_OPTIMAL_FVA
11	TTM	EXPERIMENT_WITHIN_OPTIMAL_FVA	N/A
12	TSM	EXPERIMENT_OUTSIDE_OPTIMAL_FVA	N/A
13	FIM	EXPERIMENT_OUTSIDE_OPTIMAL_FVA	EXPERIMENT_WITHIN_OPTIMAL_FVA
14	TTM	EXPERIMENT_WITHIN_OPTIMAL_FVA	N/A
15	TSM	EXPERIMENT_OUTSIDE_OPTIMAL_FVA	N/A
16	FIM	EXPERIMENT_WITHIN_OPTIMAL_FVA	EXPERIMENT_WITHIN_OPTIMAL_FVA
17	TSM	EXPERIMENT_OUTSIDE_OPTIMAL_FVA	N/A
18	FIM	EXPERIMENT_WITHIN_OPTIMAL_FVA	EXPERIMENT_WITHIN_OPTIMAL_FVA
19	FIM	EXPERIMENT_WITHIN_OPTIMAL_FVA	EXPERIMENT_WITHIN_OPTIMAL_FVA
20	FIM	EXPERIMENT_WITHIN_OPTIMAL_FVA	EXPERIMENT_WITHIN_OPTIMAL_FVA
