idx	condition	reaction	minimum	maximum
1	FIM	Ex_fe2_LSQBKT_e_RSQBKT_	-1000.0	-303.91839713319456
1	FIM	Ex_o2_LSQBKT_e_RSQBKT_	-245.20167255275211	-71.18127183605081
1	FIM	Htpp	0.0	0.0
1	FIM	ATPS5rpp	37.11925748940489	176.62027477217697
1	FIM	ATPM	3.475	3.475
2	TTM	Ex_ttton_LSQBKT_e_RSQBKT_	-142.84701532919203	-2.29570377120688
2	TTM	Ex_o2_LSQBKT_e_RSQBKT_	-499.0779085447574	-7.148318091810025
2	TTM	Htpp	0.0	0.0
2	TTM	ATPS5rpp	9.689186765798548	757.4747898604776
2	TTM	ATPM	3.475	3.475
3	TSM	Ex_tsul_LSQBKT_e_RSQBKT_	-249.97695951940784	-4.879802672308766
3	TSM	Ex_o2_LSQBKT_e_RSQBKT_	-498.80128022316785	-8.606966691927962
3	TSM	Htpp	0.0	0.0
3	TSM	ATPS5rpp	11.553455443261342	756.7172251633126
3	TSM	ATPM	3.475	3.475
4	FIM	Ex_fe2_LSQBKT_e_RSQBKT_	-1000.0	-268.1004724915476
4	FIM	Ex_o2_LSQBKT_e_RSQBKT_	-245.80146348365807	-62.826581606545076
4	FIM	Htpp	0.0	0.0
4	FIM	ATPS5rpp	32.9137253032288	179.54274042565524
4	FIM	ATPM	3.475	3.475
5	TTM	Ex_ttton_LSQBKT_e_RSQBKT_	-142.84245771566611	-3.0348322081262955
5	TTM	Ex_o2_LSQBKT_e_RSQBKT_	-498.66296640276306	-9.336277126373734
5	TTM	Htpp	0.0	0.0
5	TTM	ATPS5rpp	12.48556875199021	756.3384434513879
5	TTM	ATPM	3.475	3.475
6	TSM	Ex_tsul_LSQBKT_e_RSQBKT_	-249.9654392791114	-6.748150936276099
6	TSM	Ex_o2_LSQBKT_e_RSQBKT_	-498.20192033475126	-11.767343649081074
6	TSM	Htpp	0.0	0.0
6	TSM	ATPS5rpp	15.59266142508726	755.075837744967
6	TSM	ATPM	3.475	3.475
7	FIM	Ex_fe2_LSQBKT_e_RSQBKT_	-1000.0	-189.30103827991888
7	FIM	Ex_o2_LSQBKT_e_RSQBKT_	-247.1210035316518	-44.446263101631054
7	FIM	Htpp	0.0	0.0
7	FIM	ATPS5rpp	23.661554493642466	185.972164863306
7	FIM	ATPM	3.475	3.475
8	TTM	Ex_ttton_LSQBKT_e_RSQBKT_	-142.8384066421556	-3.6918354410656
8	TTM	Ex_o2_LSQBKT_e_RSQBKT_	-498.2941295483534	-11.28113034453899
8	TTM	Htpp	0.0	0.0
8	TTM	ATPS5rpp	14.971242890465993	755.3283588862535
8	TTM	ATPM	3.475	3.475
9	TSM	Ex_tsul_LSQBKT_e_RSQBKT_	-249.95480521114527	-8.47278442274181
9	TSM	Ex_o2_LSQBKT_e_RSQBKT_	-497.6486650531355	-14.684623476329133
9	TSM	Htpp	0.0	0.0
9	TSM	ATPS5rpp	19.321172632807656	753.5607108972678
9	TSM	ATPM	3.475	3.475
10	FIM	Ex_fe2_LSQBKT_e_RSQBKT_	-1000.0	-167.81028349492712
10	FIM	Ex_o2_LSQBKT_e_RSQBKT_	-247.48087809019492	-39.43344896392666
10	FIM	Htpp	0.0	0.0
10	FIM	ATPS5rpp	21.138235181937848	187.72564425539275
10	FIM	ATPM	3.475	3.475
11	TTM	Ex_ttton_LSQBKT_e_RSQBKT_	-142.83638110540014	-4.020337057535235
11	TTM	Ex_o2_LSQBKT_e_RSQBKT_	-498.1097111211484	-12.253556953621628
11	TTM	Htpp	0.0	0.0
11	TTM	ATPS5rpp	16.214079959700122	754.8233166036857
11	TTM	ATPM	3.475	3.475
12	TSM	Ex_tsul_LSQBKT_e_RSQBKT_	-249.94239879851872	-10.48485682361816
12	TSM	Ex_o2_LSQBKT_e_RSQBKT_	-497.0032005579175	-18.088116608117886
12	TSM	Htpp	0.0	0.0
12	TSM	ATPS5rpp	23.67110237514847	751.7930629082825
12	TSM	ATPM	3.475	3.475
13	FIM	Ex_fe2_LSQBKT_e_RSQBKT_	-1000.0	-160.64669856659776
13	FIM	Ex_o2_LSQBKT_e_RSQBKT_	-247.60083627637613	-37.762510918025306
13	FIM	Htpp	0.0	0.0
13	FIM	ATPS5rpp	20.297128744701812	188.31013738608831
13	FIM	ATPM	3.475	3.475
14	TTM	Ex_ttton_LSQBKT_e_RSQBKT_	-142.82524065324566	-5.827095948118211
14	TTM	Ex_o2_LSQBKT_e_RSQBKT_	-497.0954097715212	-17.60190330357577
14	TTM	Htpp	0.0	0.0
14	TTM	ATPS5rpp	23.049683840514863	752.0455840495655
14	TTM	ATPM	3.475	3.475
15	TSM	Ex_tsul_LSQBKT_e_RSQBKT_	-249.92999238589172	-12.496929224494748
15	TSM	Ex_o2_LSQBKT_e_RSQBKT_	-496.35773606270067	-21.49160973990697
15	TSM	Htpp	0.0	0.0
15	TSM	ATPS5rpp	28.021032117485266	750.0254149192939
15	TSM	ATPM	3.475	3.475
16	FIM	Ex_fe2_LSQBKT_e_RSQBKT_	-1000.0	-131.9923588532773
16	FIM	Ex_o2_LSQBKT_e_RSQBKT_	-248.08066902110076	-31.078758734420177
16	FIM	Htpp	0.0	0.0
16	FIM	ATPS5rpp	16.932702995761627	190.64810990887034
16	FIM	ATPM	3.475	3.475
17	TSM	Ex_tsul_LSQBKT_e_RSQBKT_	-249.88922845868981	-19.1080242559462
17	TSM	Ex_o2_LSQBKT_e_RSQBKT_	-494.2369241498435	-32.67451574435671
17	TSM	Htpp	0.0	0.0
17	TSM	ATPS5rpp	42.31365841374568	744.2174286697737
17	TSM	ATPM	3.475	3.475
18	FIM	Ex_fe2_LSQBKT_e_RSQBKT_	-1000.0	-113.36703803962072
18	FIM	Ex_o2_LSQBKT_e_RSQBKT_	-248.39256030517174	-26.73431981507716
18	FIM	Htpp	0.0	0.0
18	FIM	ATPS5rpp	14.74582625895029	192.16779204867933
18	FIM	ATPM	3.475	3.475
19	FIM	Ex_fe2_LSQBKT_e_RSQBKT_	-1000.0	-64.65504284958706
19	FIM	Ex_o2_LSQBKT_e_RSQBKT_	-249.20827688618408	-15.3720376824812
19	FIM	Htpp	0.0	0.0
19	FIM	ATPS5rpp	9.026382659346904	196.142348711555
19	FIM	ATPM	3.475	3.475
20	FIM	Ex_fe2_LSQBKT_e_RSQBKT_	-1000.0	-43.16413717421517
20	FIM	Ex_o2_LSQBKT_e_RSQBKT_	-249.5681513197466	-10.359185613300426
20	FIM	Htpp	0.0	0.0
20	FIM	ATPS5rpp	6.503033088560507	197.89582820433722
20	FIM	ATPM	3.475	3.475
